帖子ID,标题,正文,作者,点赞数,收藏数,评论数,实际评论数,分享数,图片数量,帖子链接,季节_夏日,季节_春日,季节_秋冬,风格_温柔感,风格_高级感,风格_ins风,风格_个性风,风格_清新简约,款式_猫眼,款式_钻饰,款式_花朵,款式_手绘,款式_法式,款式_渐变,甲型_短甲,甲型_穿戴甲,甲型_DIY,甲型_延长甲
68e8aa600000000003035e44,这款香槟色真的好老钱风～,"这款香槟色搭裸粉猫眼好高级又显白呀
最近入了一个修容很好用顺便分享给大家
修容颜色很自然，挺正的不会发红
高光显色度什么的挺ok的🤩
拿来整理妆面会让妆容更干净~
#美甲[话题]# #纯欲美甲[话题]# #猫眼美甲[话题]# #低调老钱风[话题]# #小短甲[话题]# #修容盘推荐[话题]##木柯诗修容盘[话题]##木柯诗[话题]# #香槟色美甲[话题]# #ins短甲[话题]#",奶咖芋妮茶🍊,100000,100000,882,40,53000,1,https://www.xiaohongshu.com/explore/68e8aa600000000003035e44?xsec_token=ABlLeExPEO545kvjKG20k1NnQ3CflMVxPnN4Y3PIHXpRM=&xsec_source=pc_search,0,0,0,0,0,1,0,0,1,0,0,0,0,0,1,0,0,0
683d7a4200000000230168d1,夏日小短甲｜希望这个夏天没有尽头🫧,"哈喽哈喽，失踪人口浅浅回归一下~
	
好久没有做蓝色美甲了这次假期给自己安排了一颗蓝色玻璃珠珠！！看起来就跟这几天的温度一样，凉凉的~🎐
	
做完这个美甲我觉得自己应该马上去海边玩水而不是明天回归工位…꒦ິ^꒦ິ
	
#小短甲美甲[话题]# #DIY美甲[话题]# #猫眼美甲[话题]# #玻璃珠美甲[话题]# #蓝色美甲[话题]# #y2k美甲[话题]# #夏日美甲[话题]# #夏天美甲[话题]#",我要吃薯片,50000,42000,599,40,13000,1,https://www.xiaohongshu.com/explore/683d7a4200000000230168d1?xsec_token=ABfuXjAizQqtRNHd4xgGh3BFTikpDyp5tfMce_QlL6LIw=&xsec_source=pc_search,1,0,0,0,0,0,1,0,1,0,0,0,0,0,1,0,1,0
69e89cc70000000022000253,莫兰迪色系小短甲pin哆哆,"这手做得我自己都想牵自己🥺
三个猫眼色跳一起居然不违和，反而有种油画感🎨
蓝是清冷雾蓝，粉是透嫩水粉，浅棕像奶茶里加了光
吸完猫眼光泽，转手就是波光粼粼✨
最绝是无名指：乳白打底+不规则的贝母片
像碎贝壳被浪冲到指尖上🐚
不夸张不廉价，阳光下微微透彩光，低调又有细节感
跳色+贝母，不撞款又显气质
黄皮白皮都🉑️，属于那种“别人会问你在哪做的”款
#美甲[话题]#  #猫眼美甲[话题]# #夏日美甲",奶咖芋妮茶🍊,46000,35000,171,40,9255,1,https://www.xiaohongshu.com/explore/69e89cc70000000022000253?xsec_token=ABw2QVmxZDN7PFvR4lUGJn4K80sFnLV0kyOZnCu5asPg0=&xsec_source=pc_search,1,1,0,0,1,0,0,0,1,0,0,0,0,0,1,0,0,0
687cbd4400000000120319eb,live📷｜白开水美甲才是yyds！！✨✨,#美甲夏天[话题]# #温柔风美甲[话题]# #百搭美甲[话题]# #简单夏日美甲[话题]# #神仙美甲[话题]# #氛围感美甲[话题]# #白开水美甲[话题]# #夏日小清新美甲[话题]# #耐看美甲[话题]# #糖果色美甲[话题]#,SualiStudio,37000,32000,200,30,16000,1,https://www.xiaohongshu.com/explore/687cbd4400000000120319eb?xsec_token=ABg8jyMgKrqHHzvK6zmRxvDUL404gi_Z8xDXvkg3mSYLE=&xsec_source=pc_search,1,0,0,1,1,0,0,0,0,0,0,0,0,0,0,0,0,0
683122f8000000000303f81c,美甲六选一,各位人美心善的姐妹们有谁做过这几款嘛？#帮我选美甲[话题]# #氛围感美甲[话题]# #美甲推荐[话题]# #美甲款式夏天显白[话题]#,椰椰椰椰椰子,32000,23000,406,20,16000,1,https://www.xiaohongshu.com/explore/683122f8000000000303f81c?xsec_token=ABrmRPiYcZs9Wfvin2tknp3TmDja5xiymQDeGi0Oha-LA=&xsec_source=pc_search,1,0,0,0,1,0,0,0,0,0,0,0,0,0,0,0,0,0
682094020000000022037424,『美甲』把画布搬到手上🎨巨显白！,"油画主打一个抽象主义，色彩怎么搭都好看！[哇R]
原创设计，严禁商用哦~
#油画美甲[话题]##显白美甲[话题]#  #彩绘美甲[话题]# #撞色美甲[话题]# #艺术美甲[话题]# #指尖艺术[话题]# #手绘美甲[话题]# #花式晒美甲挑战[话题]##AI[话题]#  #拼色美甲[话题]# #亲手晒美甲[话题]# #创意美甲[话题]# #琥珀色美甲[话题]#",是然然喵咪呀,29000,24000,924,20,7760,1,https://www.xiaohongshu.com/explore/682094020000000022037424?xsec_token=AB2SRrWaAKdTulnipBIudhdlM4mujrXlPGzgCMy76yg74=&xsec_source=pc_search,0,0,0,0,0,0,0,0,0,0,0,1,0,0,0,0,0,0
6886511f0000000015020ee4,夏日美甲,做到了很喜欢的美甲 baby蓝猫眼 原图直出 很夏天！#夏日美甲[话题]# #分享美甲[话题]# #晒晒我的新美甲[话题]#,我先睡了,28000,21000,148,25,5480,1,https://www.xiaohongshu.com/explore/6886511f0000000015020ee4?xsec_token=ABKTw9FREnp1BOziM9osKpUyc0flVHdrZ36jqkbQ5OTyM=&xsec_source=pc_search,1,0,0,0,0,0,0,0,0,0,0,0,0,0,0,0,0,0
68e866ec000000000302e4d2,原相机📷｜只此青绿✨猫眼渐变美甲！,#约会美甲[话题]# #法式渐变猫眼[话题]# #氛围感美甲[话题]# #猫眼美甲[话题]# #偏光美甲[话题]# #渐变美甲[话题]# #漫糖穿戴甲[话题]# #猫眼[话题]# #穿戴甲[话题]##只此青绿[话题]#,李清照穿戴甲,22000,13000,152,35,3288,1,https://www.xiaohongshu.com/explore/68e866ec000000000302e4d2?xsec_token=ABlLeExPEO545kvjKG20k1NlYaUp7tnnz4CYTsdZEggy4=&xsec_source=pc_search,0,0,0,0,1,0,0,0,1,0,0,0,0,1,0,1,0,0
694215f5000000001e028258,指尖生花🌸,#指尖生花[话题]##显白美甲[话题]# #温柔美甲[话题]# #超好看的美甲[话题]# #仙女美甲[话题]# #清透美甲[话题]# #约会美甲[话题]# #温柔又仙气[话题]# #手绘美甲[话题]# #新中式美甲[话题]#,苏Su 轻奢手工穿戴甲,20000,19000,167,25,6129,1,https://www.xiaohongshu.com/explore/694215f5000000001e028258?xsec_token=ABkCVMtM7s2gSDK0tQkM1PwaRMVXaBRUh1lZnSfc6hkSw=&xsec_source=pc_search,0,0,0,1,0,0,0,0,0,0,1,1,0,0,0,0,0,0
68ea1aaa000000000401595c,我觉得没翻车,#美甲短甲[话题]# #可爱小短甲[话题]# #可爱风美甲[话题]# #短款美甲[话题]#,Kiss毒药,18000,15000,311,20,5099,1,https://www.xiaohongshu.com/explore/68ea1aaa000000000401595c?xsec_token=ABpsvNL4ijpvDEJFYfe03mC_2UbBYkbbtAWOU2qTe9gkQ=&xsec_source=pc_search,0,0,0,0,0,0,0,0,0,0,0,0,0,0,1,0,0,0
684fe33e0000000012000b47,OMG 老师们这猫眼好看到我想不出词来形容了,真的太好看辣！！！#猫眼美甲[话题]# #闪粉美甲[话题]# #恩妮诗日记[话题]# #猫眼[话题]# #逃不过布灵布灵[话题]# #追光猫眼[话题]# #大灯泡猫眼[话题]# #猫眼甲油胶[话题]# #碎钻胶美甲[话题]# #偏光美甲[话题]#,小恩公紫🍍,54000,36000,588,10,13000,1,https://www.xiaohongshu.com/explore/684fe33e0000000012000b47?xsec_token=AB1f8AucbCWnDSqmN4L-12-uFxanK9dy08l7cMbUej0DU=&xsec_source=pc_search,0,0,0,0,0,0,0,0,1,1,0,0,0,0,0,0,0,0
69c23c1700000000200397f1,天气渐暖🍑，来杯🍏苹果汽水～,"啊啊啊神仙配色美甲，一眼沦陷！喜欢，并反复欣赏🧚🏻‍
开始升温啦，头发也越来越容易油了，刚洗的睡一觉又塌了～
幸好被befe茶树蓬松发膜狠狠拯救，终于实现“头包脸”自由～
搭配三维蓬松科技，能让头发蓬松起来，发尾却不毛躁，洗完有种头发变多变粗的即视感～
淡淡茶香，闻着就很清新！一觉起来，头发也是干干爽爽的不贴头皮～
#美甲[话题]##氛围感美甲[话题]##春夏美甲[话题]##befe[话题]##b",滴阶,35000,24000,322,10,7271,1,https://www.xiaohongshu.com/explore/69c23c1700000000200397f1?xsec_token=ABz6iGrvLvIe8hUYwgC2cUuyaBRt-pN144btks5vg_2TI=&xsec_source=pc_search,0,1,0,0,1,0,0,0,0,0,0,0,0,0,0,0,0,0
6688df8c000000000a0246b3,星星来啦！✨夏日猫眼美甲,#晶石猫眼美甲[话题]# #细闪美甲[话题]# #法式猫眼[话题]# #碎钻胶美甲[话题]# #百搭美甲[话题]# #亲手晒美甲[话题]# #简单美甲[话题]#,晚夜小仙君-,20000,14000,80,20,3126,1,https://www.xiaohongshu.com/explore/6688df8c000000000a0246b3?xsec_token=AB87Mk_HYwi7B-NnQDUJ2roC3uZ9C9pSqxFggT19eOTUU=&xsec_source=pc_search,0,0,0,0,0,0,0,1,1,1,0,0,0,0,0,0,0,0
69095f35000000000302f457,好喜欢秋天🍂、好喜欢我的美甲💅🏻,#美甲控[话题]# #指尖生花[话题]# #秋天的第一个美甲[话题]# #秋天美甲[话题]# #高级显白美甲[话题]# #初秋显白的美甲[话题]# #巨好看显白美甲[话题]# #秋冬显白美甲[话题]# #氛围感美甲[话题]# #秋冬指尖不孤单[话题]#,roses,33000,28000,324,25,7800,1,https://www.xiaohongshu.com/explore/69095f35000000000302f457?xsec_token=ABHrsR8hQS6abTwoo7rFBvpIc-RHNXPrk9aOdRzcOUs_o=&xsec_source=pc_search,0,0,1,0,1,0,0,0,0,0,1,0,0,0,0,0,0,0
68e10bd600000000050305fd,极限六选一,宝宝们拜托帮我选选 选择困难症,逸,25000,15000,288,5,5209,1,https://www.xiaohongshu.com/explore/68e10bd600000000050305fd?xsec_token=ABXe3KESBoM9xCA3lJRIl7odci-4aC168CpgIb3BchRmg=&xsec_source=pc_search,0,0,0,0,0,0,0,0,0,0,0,0,0,0,0,0,0,0
69a152e5000000002602c955,春日薄荷曼波🍃爆闪猫眼花花多巴胺甜妹短甲,"炒鸡适合早春的百搭短甲
冰透蓝🫧元气小鸡黄🐣蜜瓜绿🍈渐变
碎冰冰猫眼法式可爱立体花花
少女心溢出屏幕啦～
俗话说，新年新气象，而我要做的第一步就是把我这乱糟糟的地方给好好整理一下
刚好整理出了一只很久没背的香奈儿包包，之前也想过把它出掉，我也去看了几家线下店，实在是那个价格不太合我的心意。于是这次就被闺蜜给安利了@爱回收奢侈品回收 ，我查了查，我家附近的商场就有门店，步行就过去了，2000+的门店",醋醋啊,21000,16000,222,10,6940,1,https://www.xiaohongshu.com/explore/69a152e5000000002602c955?xsec_token=ABLIjA136IIljZ_mKVwA8cHkGF8QI3zEF9evmIv1YrST8=&xsec_source=pc_search,0,1,0,0,1,0,0,0,1,0,0,0,0,0,1,0,0,0
69a7d3fe00000000150208f2,黑粉yyds！甜酷风美甲天花板，黄皮也能冲,黄皮姐妹也能闭眼😝冲，日常通勤、约会炸街都超合适，关键是不用等，贴完就能美美的出门！同款🔗在评论下方哦，20+[钱袋R]的价格#黑粉美甲[话题]# #甜酷美甲[话题]# #甜酷辣妹风美甲[话题]# #亲手晒美甲[话题]# #可爱美甲[话题]# #氛围感美甲[话题]# #猫眼美甲[话题]# #夏日美甲[话题]# #ins美甲[话题]# #短款美甲[话题]#,不知甲甲,13000,11000,31,15,1302,1,https://www.xiaohongshu.com/explore/69a7d3fe00000000150208f2?xsec_token=ABI_06TkZhaEuVU-t3pTtGkHW-3pM3jawBWwlkvcyOn_o=&xsec_source=pc_search,1,0,0,0,1,1,1,0,1,0,0,0,0,0,1,0,0,0
68c7b87f000000001c011019,美甲决赛圈、帮我选美甲💅,#指尖生花[话题]# #美甲夏天[话题]# #美甲控[话题]# #夏天美甲[话题]# #少女心美甲[话题]# #美甲款式夏天显白[话题]# #甜美美甲[话题]# #神仙美甲[话题]# #温柔美甲[话题]# #穿戴甲温柔[话题]#,芹菜,13000,9838,94,25,2316,1,https://www.xiaohongshu.com/explore/68c7b87f000000001c011019?xsec_token=AB2HGdba49ABp6I3Bknjmi9khv69Oa3zbThsXtwOivb2w=&xsec_source=pc_search,1,0,0,1,1,0,0,0,0,0,1,0,0,0,0,0,0,0
68b95c80000000001b037c74,海盐气泡🫧冰透清爽渐变蓝色猫眼🧊活力满满,#浪漫生活的记录者[话题]# #晶石猫眼美甲[话题]# #超好看的美甲[话题]# #蓝色美甲[话题]# #氛围感美甲[话题]# #冰透美甲[话题]# #猫眼[话题]# #清透美甲[话题]# #冰蓝色[话题]# #蓝色系[话题]#,一只可爱椰,12000,11000,91,20,4404,1,https://www.xiaohongshu.com/explore/68b95c80000000001b037c74?xsec_token=ABSM3RfZL-hRooBSysnfUembJQ168Q5ak1Fla9Z0yIFxY=&xsec_source=pc_search,0,0,0,0,1,0,0,0,1,0,0,0,0,0,0,0,0,0
6895f7580000000023039150,Nail♡♩🫧冰透猫眼美甲➕碎冰冰✨好清透好高级,#氛围感美甲[话题]# #ins美甲[话题]# #清透美甲[话题]# #细闪美甲[话题]# #百搭美甲[话题]# #爆闪美甲[话题]# #显白美甲[话题]# #法式美甲[话题]# #甜妹美甲[话题]# #温柔美甲[话题]#,Ajiao（努力打工版）,11000,8152,70,20,2360,1,https://www.xiaohongshu.com/explore/6895f7580000000023039150?xsec_token=ABchWonmvr6-MncPM7QSYxGyZX02umcKNMAMjYwGBdYY4=&xsec_source=pc_search,0,0,0,1,1,1,0,0,0,1,0,0,1,0,0,0,0,0
68bfc7a8000000001d01a48e,甜妹专属美甲💅｜粉色KT美甲也太少女心了,#神仙美甲[话题]# #热门爆款美甲[话题]# #氛围感美甲[话题]# #约会美甲[话题]# #可爱风美甲[话题]# #女生做美甲[话题]# #热门爆款美甲[话题]# #本甲美甲秋冬[话题]# #热门爆款美甲[话题]# #彩色美甲[话题]#,SualiStudio,11000,7687,48,15,4177,1,https://www.xiaohongshu.com/explore/68bfc7a8000000001d01a48e?xsec_token=AB2DxvHAWIERPEmbIMqN7JiGrnwKBr9TAjWOrDeI7C83Y=&xsec_source=pc_search,0,0,1,0,1,0,0,0,0,0,0,0,0,0,0,0,0,0
69cb7599000000001d01f980,收藏一波春天的美甲,"怎么样怎么样，又想安利一波美美的美甲啦
温温柔柔的春天系美甲
大家最喜欢那个也，选择困难症真的很难选[哭惹R]
看看我的指甲适合哪一款哈哈（图7），都好喜欢，太难选了[叹气R]
#美甲[话题]# #美甲款式[话题]# #美甲推荐[话题]#",芝麻汤圆vm7,11000,8299,217,10,1638,1,https://www.xiaohongshu.com/explore/69cb7599000000001d01f980?xsec_token=ABpUZqODc0b6srZAeKr4Hb07fZbdOH8qbcQykxyZen2u8=&xsec_source=pc_search,0,0,0,0,0,0,0,0,0,0,0,0,0,0,0,0,0,0
6778f0d40000000013018463,玻璃珠猫眼｜手绘魔镜粉爱心蝴蝶结美甲,"好甜的一款！
#少女心美甲[话题]# #超好看的美甲[话题]# #甜美美甲[话题]# #玻璃珠猫眼美甲[话题]# #魔镜粉美甲[话题]# #爱心美甲[话题]# #蝴蝶结美甲[话题]# #手绘美甲[话题]# #玻璃珠猫眼[话题]#",奈奈~,10000,8857,39,15,1806,1,https://www.xiaohongshu.com/explore/6778f0d40000000013018463?xsec_token=ABAv0EORXFuyzMtn4gCEMR73BEnmCgAf0DETQ9JTq_Xug=&xsec_source=pc_search,0,0,0,0,0,0,0,0,1,0,0,1,0,0,0,0,0,0
68b02dd5000000001c03d849,你们要的细节大母指图来咯～,"清新仙气！谁还没做这个美甲呢？
单独给你们出的哦！#世界之外[话题]#
#美甲控[话题]# #晕染[话题]# #指尖生花[话题]#
浪漫吧仙女本仙款式｜
复刻转载请@我谢谢～",月季不是花,21000,15000,150,10,3527,1,https://www.xiaohongshu.com/explore/68b02dd5000000001c03d849?xsec_token=AB4Ty02HJQHuAcZ4TQggVzjgV0w71qdkeihC8c2dO2Sx4=&xsec_source=pc_search,0,0,0,0,0,0,0,0,0,0,1,0,0,1,0,0,0,0
66c2d5e2000000001d01a13f,黑暗陨石☄️这也太显白了吧‼️姐妹来看看,#黑色美甲[话题]##酷酷美甲[话题]# #超显白美甲[话题]# #美甲短甲[话题]##高级美甲[话题]##小众美甲[话题]##亲手晒美甲[话题]# #猫眼美甲[话题]##美甲款式[话题]##美甲分享[话题]#,圆圆小媛（穿戴甲版）,15000,13000,126,5,5252,1,https://www.xiaohongshu.com/explore/66c2d5e2000000001d01a13f?xsec_token=AB19m2G_gjSE8Kmv9J_SrLm6bjH-DfaK4TOwpu1feS5H0=&xsec_source=pc_search,0,0,0,0,1,0,1,0,1,0,0,0,0,0,1,0,0,0
688a0c9a0000000023034876,💅挑战100款夏日美甲·第21期｜人鱼姬极光甲,"------
🌊「本期主题」：人鱼姬幻光
💫灵感来源：阳光下的泡沫与极光交织的梦幻感
🎨主色调：裸粉色打底，叠加人鱼姬偏光色，指尖流转彩虹光晕🌈
✨设计细节：
▫️圆润甲型修饰手型，温柔又显白
▫️极光粉薄涂打造若隐若现的鎏光感
▫️无名指跳色叠加细闪，像海面碎钻💎
📸拍照小心机：
✔️侧光拍摄让偏光更明显
✔️搭配珍珠/贝壳道具秒变氛围感女神
✔️手指微曲展现甲面弧度
💌文案灵感：
▫️“把银河",小丸,10000,12000,44,5,1729,1,https://www.xiaohongshu.com/explore/688a0c9a0000000023034876?xsec_token=ABKUd3JZZIUSnDePxVJ2mT2IYLUwyveNOImQsmJ_wrHDU=&xsec_source=pc_search,1,0,0,1,0,0,0,0,1,0,0,0,0,0,0,0,0,0
69e1ed3b0000000021011ea7,浮光锦,"换季断舍离，翻出不常背的包，放着也是落灰，干脆给它们找个新家。
之前怕二手回收被压价，一直没敢出。这次认真做了功课试了爱回收，体验真的不错。
查询了解才得知他们全国有2000+门店呢
楼下的商场就有一家！回收特别方便
特别吸引我的是百家竞价模式，会有上百家回收商在线竞拍，价高者得的机制，完全不用被压价。竞价结果居然比其他家的要高近800！
而且当面回收当面打款的效率也很不错，从质检到打款，也就半个",Aqakilli,16000,9427,84,10,1639,1,https://www.xiaohongshu.com/explore/69e1ed3b0000000021011ea7?xsec_token=ABLCdbF2-bQ-sP7yeYG5oCYPWMLLTDMQSghqQsrVfYCHc=&xsec_source=pc_search,0,1,0,0,0,0,0,0,1,0,0,0,0,0,1,0,1,0
69441a71000000001b0219f4,氛围感天花板！一键解锁沉浸式浪漫生活美学,"冬天的氛围感全靠这双手撑起来！ 透明渐变+立体雪花+金色线条，细节满分 拍照不用滤镜，原图直出都美到哭 男朋友都说比圣诞树还好看，必须安排！
#美甲控[话题]# #美甲款式[话题]# #超好看的美甲[话题]# #约会美甲[话题]# #美甲款式推荐[话题]# #温柔美甲[话题]# #高级显白美甲[话题]# #美甲款式夏天显白[话题]# #穿戴甲戴取方便[话题]# #冰透美甲[话题]#",yao瑶摇,15000,11000,167,10,3960,1,https://www.xiaohongshu.com/explore/69441a71000000001b0219f4?xsec_token=ABp9_R9q_alfOLKSLdDMXPWHFHewiuOhXa9bE87cayBCg=&xsec_source=pc_search,1,0,0,1,1,0,0,0,0,0,0,0,0,0,0,1,0,0
68cbd55f0000000013013eb6,高级清冷感冰透猫眼美甲,#温柔美甲[话题]# #高级显白美甲[话题]# #冰透美甲[话题]# #美甲[话题]# #美甲控[话题]# #清透美甲[话题]# #温柔高级感[话题]# #约会美甲[话题]# #细闪美甲[话题]# #百搭美甲[话题]#,颖宝美学,15000,11000,39,5,3957,1,https://www.xiaohongshu.com/explore/68cbd55f0000000013013eb6?xsec_token=AB6oFWIMNFH0G3_g4PFeHF0caygqKfW2ZlY-3UIJ-0RPg=&xsec_source=pc_search,0,0,0,1,1,0,0,0,0,1,0,0,0,0,0,0,0,0
68835b9c0000000020018599,夏日美甲♡♩小香风千金格纹冰透猫眼超温柔,#美甲[话题]# #夏日显白美甲[话题]# #约会美甲[话题]# #甜妹美甲[话题]# #清透美甲[话题]# #美甲款式夏天显白[话题]# #冰透美甲[话题]# #仙气美甲[话题]# #公主美甲[话题]# #仙女美甲[话题]#,七七酱,13000,9142,53,10,4892,1,https://www.xiaohongshu.com/explore/68835b9c0000000020018599?xsec_token=ABMOjdXH54V31ufOkQKR_zQPKOGdJsPM2PDwoh-XTOhXY=&xsec_source=pc_search,1,0,0,1,0,0,0,0,0,0,0,0,0,0,0,0,0,0
69955f12000000000a02ba73,淡淡的就会顺顺的💫,#日常通勤美甲[话题]# #清透美甲[话题]# #干净美甲[话题]# #新春市集[话题]#  #裸色美甲[话题]# #寸轻[话题]# #寸轻轻色胶[话题]# #三合一甲油胶[话题]# #气质美甲[话题]# #即温柔又显嫩的颜色[话题]#,西言,13000,11000,41,10,3114,1,https://www.xiaohongshu.com/explore/69955f12000000000a02ba73?xsec_token=ABbgCOA4d0wzvDBtlQ8Ms-OqECzkdHJmDWohbIgvvUbmY=&xsec_source=pc_search,0,0,0,0,1,0,0,1,0,0,0,0,0,0,0,0,0,0
6969b3aa00000000220302c8,赤茶琉璃✨裸色美甲天花板🫧,"又嫩又显白～
金色微笑猫眼尊嘟好喜欢😻
#穿戴甲[话题]# #穿戴甲分享[话题]# #猫眼美甲[话题]# #冰透美甲[话题]# #氛围感美甲[话题]##裸色美甲[话题]# #腮红美甲[话题]# #温柔美甲[话题]# #日常通勤美甲[话题]# #秋冬美甲[话题]# #显白美甲[话题]# #奶茶色美甲[话题]#",芒果气泡水-茉哉,11000,8808,70,5,2436,1,https://www.xiaohongshu.com/explore/6969b3aa00000000220302c8?xsec_token=AB-4CADeOygFLCu06L9dz1Bx8YkP72H1BitA7yR99nZRo=&xsec_source=pc_search,0,0,1,1,1,0,0,0,1,0,0,0,0,1,0,1,0,0
69f1a666000000003700d0f0,Nail♡♩🫧醋酸月光渐变~淡人的春夏美甲,"新美甲💅🏻
敲温柔的乳白渐变加了一层月光粉
显得更清透一些 食指无名指 雪绒胶晕染搭配贝壳片 波光粼粼的 敲夏天🫧
	
偶尔好好犒劳自己，给自己挑一份喜欢的小礼物，真的很治愈。
近期入手的心头好，就是这支PRADA「我本莫测」护手霜
高级感满满的粉色三角包装，设计简约又时髦，
颜值完全长在审美上，随手放包里、摆桌面都很好看。
最让我心动的还是它的香味，
和「我本莫测」香水是同款奶木花香，温柔又清浅",AJIAONAIL,11000,9635,30,10,1608,1,https://www.xiaohongshu.com/explore/69f1a666000000003700d0f0?xsec_token=AB6RXcbpX8N7E89BIBC_WKSERfTQs0Xj03Ut7P4tgAScM=&xsec_source=pc_search,1,1,0,1,1,0,0,0,1,0,0,0,0,0,0,0,0,0
6a0d78200000000038037344,夏日冰塔🍧蓝茶美甲💅🏻，视觉降温绝绝子,#蓝色美甲[话题]# #短甲[话题]##手绘美甲[话题]# #波点美甲[话题]# #星星美甲[话题]# #猫眼美甲[话题]# #夏日美甲[话题]# #夏日小清新美甲[话题]# #清透美甲[话题]#,酷酷的木木子（穿戴甲上手）,10000,7614,11,20,974,1,https://www.xiaohongshu.com/explore/6a0d78200000000038037344?xsec_token=AB95Tn0X89M33kJnF7jfNDUrhhRsGpLOG91O5y_rUV_8A=&xsec_source=pc_search,1,0,0,0,0,0,0,0,1,0,0,1,0,0,1,0,0,0
6a0aff7f00000000080036ab,💅🏻夏天五颜六色的才对嘛,"嘿嘿嘿嘿嘿嘿[暗中观察R]
#美甲[话题]# #氛围感美甲[话题]# #短甲美甲[话题]# #猫眼美甲[话题]#",滴阶,9606,6720,119,15,1597,1,https://www.xiaohongshu.com/explore/6a0aff7f00000000080036ab?xsec_token=ABk8kcRUs04kth_YdkSCAEpxqBIDnlMMZFDB2k-VONKNs=&xsec_source=pc_search,0,0,0,0,1,0,0,0,1,0,0,0,0,0,1,0,0,0
69a166ac000000001a01c692,敲可爱的ins春日短甲🍈薄荷奶绿波点蝴蝶结,"早春多巴胺撞色爱心美甲
薄荷曼波渐变🍃奶油白咖色晕染
韩系波点蝴蝶结好显白
我宣布这是我最近做过最好看的春日美甲
没办法，这个新年又给自己买了好多漂亮的衣服呀，衣柜又满了，必须要清理了！有一只真的很久、很久没有背的lv包包必须要快刀斩乱麻把它处理掉。
我选择了我们家附近商场的@爱回收奢侈品回收 ，他们家全国有2000多家门店呢，特别方便！
而且爱回收采用的是百家竞价模式，也就是说有上百家回收奢侈品",是大大如（打工版）,8236,6728,23,5,725,1,https://www.xiaohongshu.com/explore/69a166ac000000001a01c692?xsec_token=ABLIjA136IIljZ_mKVwA8cHgblnQzO_yJTGKMDXCrcYOo=&xsec_source=pc_search,0,1,0,0,1,1,0,0,0,0,0,0,0,0,1,0,0,0
68a585fa000000001d028505,少女心爆棚的美甲💅🏻｜夏日西瓜🍉冰美甲💅,#氛围感美甲[话题]# #超好看的美甲[话题]# #水蜜桃美甲[话题]# #夏日显白美甲[话题]# #ins美甲[话题]# #少女心美甲[话题]# #美甲款式夏天显白[话题]# #甜美美甲[话题]# #粉嫩美甲[话题]#,小细手！,7838,7205,64,10,2786,1,https://www.xiaohongshu.com/explore/68a585fa000000001d028505?xsec_token=ABjBmDI4DoaejAz-8jVTv43AHWql2f1cxKxa3L7Y2yalQ=&xsec_source=pc_search,1,0,0,0,1,1,0,0,0,0,0,0,0,0,0,0,0,0
6932af6f000000001e00225c,肉桂色好温柔～ 涩味云雾层次晕染 很高级,#高级感美甲[话题]# #ins秋冬季美甲[话题]# #涩味美甲[话题]# #顯白美甲[话题]# #2025美甲[话题]# #云雾晕染美甲[话题]# #干枯玫瑰美甲[话题]# #网红美甲[话题]# #肉桂色美甲[话题]# #大理石晕染美甲[话题]#,通山椿里日式美甲,10000,8381,28,5,2448,1,https://www.xiaohongshu.com/explore/6932af6f000000001e00225c?xsec_token=ABt14jyK8YEYiW_MUokTDCfNEHWgNi_0qfUPkdDW38thQ=&xsec_source=pc_search,0,0,1,0,1,1,1,0,0,0,1,0,0,1,0,0,0,0
68c6b4f9000000001d01b4f0,极限五选一家人们❗❗❗,有没有做过这些或类似款的姐妹们 想看看效果#气质美甲[话题]#  #帮我选美甲[话题]# #氛围感美甲[话题]# #美甲[话题]# #美甲推荐[话题]# #温柔美甲[话题]# #谁来劝劝我[话题]#,🦋,10000,7054,112,5,1609,1,https://www.xiaohongshu.com/explore/68c6b4f9000000001d01b4f0?xsec_token=ABMviqyAmndj0jZ8imffWuIonYzfM6HSPJwx2K27iZwK0=&xsec_source=pc_search,0,0,0,1,1,0,0,0,0,0,0,0,0,0,0,0,0,0
69ae6167000000001d02462b,nails ‧₊˚ pinkpurple 🫧春日仙气醋酸美甲,"超仙的粉紫猫眼醋酸美甲🌷
把春日的温柔浪漫焊在指尖～
开春换新妆
连唇妆也要搭得恰到好处✨
最近的心动氛围感是橘朵唇粉霜N26给的
指尖是粉紫仙气，唇间是柔雾甜嫩～
约会、探店、野餐、逛展
春日氛围感直接拉满，随便搭配都超绝✨
粉紫美甲配这支唇粉霜，颜值直接翻倍！！
上嘴是绵密奶霜质地，丝滑到不像话
柔雾哑光妆效还不拔干[赞R]
软乎乎的小毛球刷头，上嘴超舒服[哇R]
新手也能轻松涂出均匀唇妆
春",你烦不凡,10000,9149,68,5,3082,1,https://www.xiaohongshu.com/explore/69ae6167000000001d02462b?xsec_token=ABpAwHVzFKYxHj_Z_OXoTIYfl_kkkMSZ5bqcQMxXmmb5I=&xsec_source=pc_search,0,1,0,1,0,1,0,0,0,0,0,0,0,0,0,1,0,0
69fc6423000000003601eb3a,Nails｜夏日薄荷海✩࿐,"做到了夏季的人生美甲💅🏻
清透薄荷蓝✖️星星~是薄荷海的感觉
指尖藏着夏日温柔，底妆也要清透服帖🩵
	
一入夏底妆就翻车
出油、卡粉、暗沉，精致感全没了😮‍💨
被种草的玛丽黛佳种籽气垫
大地之花限定款颜值直接戳中我！
	
东方图腾包装，高级又有质感
	
自带抗暗沉保湿的种籽精华
上妆同时给妆面锁色
干皮不卡纹，夏天也不会氧化变成大黄脸
	
粉质细到像融进皮肤
轻薄无粉感，伪素颜奶油肌拉满
带妆一整",好多鱼.oO,10000,6520,11,5,857,1,https://www.xiaohongshu.com/explore/69fc6423000000003601eb3a?xsec_token=ABXVnp3LmFYo73gL-75i5_gnxbkF5o4CSImjfzSIGRmtk=&xsec_source=pc_search,1,0,0,0,1,1,0,0,0,0,0,0,0,0,0,0,0,0
691847bf0000000005003484,冰感蓝猫眼💅夏天清冷风美甲,"真的真的好显白哦
#高级显白美甲[话题]# #t显白美甲[话题]# #温柔美甲[话题]# #气质美甲[话题]# #渐变美甲[话题]# #冰透色美甲[话题]# #简约美甲[话题]# #猫眼美甲[话题]# #蓝色美甲[话题]# #氛围感美甲[话题]#",欢喜,9841,8024,8,10,4729,1,https://www.xiaohongshu.com/explore/691847bf0000000005003484?xsec_token=ABb23v0RFT_sRlb5rndysloLV52d-Oevc4ZlLyFERPCfI=&xsec_source=pc_search,0,0,0,1,1,0,0,1,1,0,0,0,0,1,0,0,0,0
69df7e3d000000002102faf1,💜✨,#美甲[话题]# #显白美甲[话题]# #猫眼美甲[话题]# #小短甲[话题]# #氛围感美甲[话题]# #彩色多巴胺美甲[话题]# #紫色美甲[话题]# #夏日美甲[话题]# #亮晶晶美甲[话题]# #爆闪美甲[话题]#,奶咖芋妮茶🍊,9790,8595,65,5,2332,1,https://www.xiaohongshu.com/explore/69df7e3d000000002102faf1?xsec_token=AB2ffWE7HPkZYjE9oFIfmXmdqslUjpM6wicAHzQH1TIq0=&xsec_source=pc_search,1,0,0,0,1,0,0,0,1,1,0,0,0,0,1,0,0,0
696b56700000000021030dab,韩味满满的蝴蝶结🎀✨超温柔～,"粉粉嫩嫩哒
#ins美甲[话题]# #少女心美甲[话题]# #美甲款式[话题]# #甜美美甲[话题]# #茉哉穿戴甲[话题]# #少女感十足[话题]# #蝴蝶结美甲[话题]# #茉哉美甲[话题]# #甜妹美甲[话题]# #氛围感美甲[话题]#",喜欢薄荷绿-茉哉,9788,6366,40,5,1435,1,https://www.xiaohongshu.com/explore/696b56700000000021030dab?xsec_token=ABhGARWGBaCNtNqqZEKfOmga9IvTgmcDrs5OupTxaqqVQ=&xsec_source=pc_search,0,0,0,0,1,1,0,0,0,0,0,0,0,0,0,1,0,0
69d5c796000000001f000c90,蓝盘配冰蓝｜清爽,炎炎夏日配上这一手冰蓝，清爽干净#清爽的配色[话题]# #美甲推荐[话题]# #美甲[话题]# #猫眼美甲[话题]# #碎钻美甲指尖藏着细碎星光[话题]# #猫眼[话题]#  #如宝石般的玻璃珠[话题]# #个人玩家美甲[话题]# #vrq星珀心[话题]# #饰品分享[话题]#,momo,9042,7276,52,5,2188,1,https://www.xiaohongshu.com/explore/69d5c796000000001f000c90?xsec_token=ABO_3lJSOJ8co7Jn55ruO59VZGq3ne54MvUHsS9SnJS44=&xsec_source=pc_search,0,0,0,0,0,0,0,1,1,1,0,0,0,0,0,0,0,0
69abc09b000000002602f912,"🎧ྀི♪  ""奶fufu鹅黄渐变🌼好清新好春天啊！","淡人春天多巴胺渐变美甲
春日限定鹅黄色
搭配立体小花花🌼🌸
好清新好春天啊！！
#指尖生花[话题]# #春日干花美甲[话题]# #春日温柔感美甲[话题]# #小清新美甲[话题]##春日美甲[话题]# #初春美甲款式[话题]#  #韩系美甲[话题]# #超嫩少女心美甲[话题]# #花花美甲[话题]# #多巴胺美甲[话题]#",花花敲可爱,9028,7585,65,5,2697,1,https://www.xiaohongshu.com/explore/69abc09b000000002602f912?xsec_token=ABLtDkIlqHT1CAWdmJXSZSGXew1h2WItOGTUOnNJ4nDTY=&xsec_source=pc_search,0,1,0,0,0,1,0,1,0,0,1,0,0,0,0,0,0,0
68b54b22000000001b020e0f,最近超火的蓝眼泪💧好piu亮,"收藏了很久的蓝眼泪指尖钻美甲 终于做上啦！
做完无时无刻都想抬手看看自己的新美甲[哇R][哇R]
指尖亮闪闪的 尊嘟很漂亮💎
	
#手上有璀璨星河[话题]# #蓝色美甲[话题]# #蓝眼泪[话题]# #氛围感美甲[话题]# #夏日美甲[话题]# #分享美甲[话题]# #会发光的美甲[话题]# #贴钻美甲[话题]# #新美甲[话题]#",甜心小红徐🍬,8236,7037,65,5,2556,1,https://www.xiaohongshu.com/explore/68b54b22000000001b020e0f?xsec_token=ABx28ahpwOXQmUupmDx1zgK8m_Z0xcEL58dEBvUleuGFg=&xsec_source=pc_search,1,0,0,0,1,0,0,0,0,1,0,0,0,0,0,0,0,0
68a30d5d000000001d0363d7,不要往下刷啦，就看看我呗,"裸色真的是夏天的king⭐⭐⭐⭐⭐⭐⭐⭐⭐⭐⭐
🍓🍓🍓🍓🍓🍓🍓🍓🍓🍓🍓🍓🍓🍓🍓🍓🍓🍓🍓🍓🍓🍓🍓🍓🍓🍓🍓🍓🍓🍓🍓🍓🍓🍓🍓🍓🍓🍓🍓🍓🍓🍓🍓🍓🍓🍓🍓🍓🍓🍓🍓🍓🍓🍓🍓🍓🍓🍓🍓🍓🍓🍓🍓🍓🍓🍓🍓🍓🍓🍓🍓🍓🍓🍓🍓🍓🍓🍓🍓🍓🍓🍓🍓🍓🍓🍓🍓🍓🍓🍓🍓🍓🍓🍓🍓🍓🍓🍓🍓🍓
粉色夏日渐变小短甲
真嘟超级可爱超级可爱[扯脸H][扯脸H][扯脸H]
#美甲推荐[话题]# #美甲还原度挑战[话题]# #美甲日常[话题]# #美甲",蛇酒的美甲日记！,6731,3617,181,5,925,1,https://www.xiaohongshu.com/explore/68a30d5d000000001d0363d7?xsec_token=ABp0ZmBQsSI0bfR32pitVPwJhdkDNQI_FspBR3c8wNOss=&xsec_source=pc_search,0,0,0,0,0,0,0,0,0,0,0,0,0,1,1,0,0,0
670ddb70000000002401445d,清透梅子冰✨bulingbuling~太仙啦,"还蛮显白的一个冰透葡萄色
Orange.C05.C292
#最显白的指甲油[话题]# #亲手晒美甲[话题]# #超好看的美甲[话题]# #氛围感美甲[话题]# #美甲[话题]# #ins美甲[话题]# #美甲分享[话题]# #跳色美甲[话题]# #吃一口奶昔🍨[话题]#",吃一口奶昔🍨,6720,5298,30,5,9429,1,https://www.xiaohongshu.com/explore/670ddb70000000002401445d?xsec_token=AB7mC5Xa5TN5bCRt_dyggvnAe1SRnjV58lJ_ibzER3-Jc=&xsec_source=pc_search,0,0,0,0,1,1,0,0,0,0,0,0,0,0,0,0,0,0
691fe81b000000001e03bcd6,有财阀千金那味儿了！！,"法式猫眼好美
#法式猫眼[话题]# #2026年最新美甲[话题]# #猫眼法式美甲[话题]# #晶石猫眼美甲[话题]# #温柔又仙气[话题]# #法式渐变美甲[话题]# #清透美甲[话题]# #爆款美甲2025[话题]# #温柔美甲[话题]# #富家千金美甲[话题]#",捏个宇宙小富婆,6462,5970,24,10,2196,1,https://www.xiaohongshu.com/explore/691fe81b000000001e03bcd6?xsec_token=AB_Oa2J7fWR7X1Z-tIC-dEu2sg_CgJwPsJRbpeeKzKy6Y=&xsec_source=pc_search,0,0,0,1,0,0,0,0,1,0,0,0,1,0,0,0,0,0
69f2fd4400000000230157f1,浅杏奶茶 | 氛围感温柔手绘可爱小短甲美甲,"奶杏色打底软 fufu 的
淡淡的温柔感晕开在指尖
像融化的冰淇淋
手绘的小蛋糕、云朵和小熊图案
每一个都超乖！
黄皮姐妹也能冲，日常通勤完全不突兀~
持续每日更新原创美甲设计图，礼貌拿款哦，喜欢的话点点关注~
#美甲款式分享[话题]# #奶油色[话题]# #奶咖色系[话题]# #奶茶色美甲[话题]# #温柔天花板[话题]# #低饱度色系[话题]# #甜妹美甲[话题]# #小短甲[话题]# #可爱",指间事,6319,5415,27,10,838,1,https://www.xiaohongshu.com/explore/69f2fd4400000000230157f1?xsec_token=ABHrTS2npuom_v22HXrIWMgfPsSjRU8IKrfHq-BN0VVc0=&xsec_source=pc_search,0,0,0,1,1,0,0,0,0,0,0,0,0,0,1,0,0,0
69b952ba000000001a020922,粉色醋酸美甲,喜欢举手 我出教程.#超好看的美甲[话题]#,babygenie任先生（无锡bbg 招生号）,6175,3673,97,5,842,1,https://www.xiaohongshu.com/explore/69b952ba000000001a020922?xsec_token=ABenKGUQxDuQy79miG9aU0w1UlsqYgTyqeQ_J6kjVxGQg=&xsec_source=pc_search,0,0,0,0,0,0,0,0,0,0,0,0,0,0,0,0,0,0
6a0c1eb000000000370346e7,辣妹美甲、酷酷的！,#y2k美甲[话题]# #美甲独特小众[话题]# #ins风美甲[话题]# #小众美甲[话题]# #甜酷辣妹风美甲[话题]# #个性美甲[话题]# #秀一下我的新美甲[话题]# #高级美甲[话题]#,大婷🌕,6167,4850,22,10,557,1,https://www.xiaohongshu.com/explore/6a0c1eb000000000370346e7?xsec_token=ABaOwhdFp4Ep0GStWveeM4Dz2cQpCuhSl3djleKp0AEBs=&xsec_source=pc_search,0,0,0,0,1,1,1,0,0,0,0,0,0,0,0,0,0,0
69cc70600000000023004397,裸金法式是温柔美甲的天花板,"短甲姐妹直接抄作业的裸金法式美甲💅清透裸色打底 + 细碎金闪法式边完全不挑皮！黄皮姐妹也能放心冲上班涂不夸张，约会又超有氛围感甲型做的短方圆，日常敲方便抬手就是温柔大小姐既视感，显白又显贵无名指的椭圆金圈设计，细节感直接拉满谁做谁是气质美女！
#超好看的美甲[话题]# #美甲款式[话题]# #美甲控[话题]# #美甲款式夏天显白[话题]# #高级显白美甲[话题]# #冰透美甲[话题]# #好看的美",yao瑶摇,6119,5421,53,10,1977,1,https://www.xiaohongshu.com/explore/69cc70600000000023004397?xsec_token=ABnl-BFWfj2wi_zCcA7lXBw90-_GoN5aJQcOBNePhanIg=&xsec_source=pc_search,1,0,0,1,1,0,0,0,0,0,0,0,0,0,0,0,0,0
69f3577600000000380211f4,清爽的白月光法式✨,"裸粉渐变+碎钻细闪✨
是自带柔光滤镜的🧚‍♀️甲
清透又显贵
#氛围感美甲[话题]# #白月光美甲[话题]# #温柔又仙气[话题]# #法式美甲[话题]# #仙女美甲[话题]# #清透美甲[话题]# #法式[话题]# #高级清透感[话题]# #穿戴甲[话题]# #好看的穿戴甲[话题]#",柳漫漫🍒（同款都在评论区）,6049,4996,4,4,1053,1,https://www.xiaohongshu.com/explore/69f3577600000000380211f4?xsec_token=ABOHXIol35gcF-nocicBNuMCwD3id1ULNP-HaUFNkSRRk=&xsec_source=pc_search,0,0,0,1,1,0,0,0,1,0,0,0,1,0,0,1,0,0
69d607030000000022000a40,Ins高级美甲推荐｜波点蓝莓🫐韩系,#简约穿戴甲[话题]# #美甲怎么拍好看[话题]# #波点美甲[话题]# #短指甲美甲春天[话题]# #韩系美甲[话题]# #手工定制穿戴甲[话题]# #高级穿戴甲[话题]# #美甲独特小众[话题]# #蓝莓穿戴甲[话题]# #小众美甲[话题]#,温妮的穿戴甲,2230,1495,8,15,330,1,https://www.xiaohongshu.com/explore/69d607030000000022000a40?xsec_token=ABpmnkZeUjNPlM6tc9nzujef0KY4d0WvwOz3m-vu3qPFY=&xsec_source=pc_search,0,1,0,0,0,1,1,0,0,0,0,0,0,0,0,1,0,0
69845e6200000000210296e2,谁懂啊🥰豆沙裸美甲才是百搭天花板,"谁能拒绝豆沙裸美甲的温柔暴击啊🙋‍♀️
黄皮姐妹直接闭眼冲的程度！
清透的豆沙调揉着淡淡的裸感，不挑皮还巨显白，
没有夸张的装饰，却自带那种低调的精致感，
抬手间全是温柔到骨子里的氛围感～
通勤涂不张扬，约会涂又很提气质，
搭卫衣、小裙子、西装都适配，
美甲圈的百搭天花板真的非它莫属！
做完连我妈都夸我这次选的颜色超顺眼😂
有没有同款豆沙裸美甲爱好者？
你们做的豆沙裸踩过雷吗？评论区交流下～#豆沙",潮味设计｜美团外卖老店翻新,2209,1681,3,3,353,1,https://www.xiaohongshu.com/explore/69845e6200000000210296e2?xsec_token=ABhehCHA3sk8Xe1f7RXSVqxq7RVLNRg7_WFT6k5-Lb7cY=&xsec_source=pc_search,0,0,0,0,0,0,0,0,0,0,0,0,0,0,0,0,0,0
6a06b89f0000000035031aa1,古早美萌美甲,超日系美萌的春夏美甲#夏天美甲[话题]# #做完美甲秀一下[话题]# #美甲推荐[话题]# #ins美甲[话题]# #美甲分享[话题]# #y2k美甲[话题]# #古早味[话题]#,咕噜大王,1979,1316,38,15,164,1,https://www.xiaohongshu.com/explore/6a06b89f0000000035031aa1?xsec_token=ABZfBO9r1vwK7-MqIbNUCKSOa5VMVw6seXlRFKt4m4tg0=&xsec_source=pc_search,1,0,0,0,0,1,1,0,0,0,0,0,0,0,0,0,0,0
69d0e4aa000000001f00336d,菱格纹猫眼 高级鼠了‼️🥺,#美甲夏天[话题]# #高级感长甲美甲[话题]# #冰透美甲[话题]# #最火猫眼美甲[话题]# #温柔美甲[话题]# #白女老钱美甲[话题]# #约会美甲[话题]# #美甲不带钻[话题]# #细闪美甲[话题]# #清明节美甲[话题]#,紫紫Nail🔮,1921,2216,7,25,451,1,https://www.xiaohongshu.com/explore/69d0e4aa000000001f00336d?xsec_token=ABxcm41AGGflYUj7Lwrd3ZwbGKz6wYowhyiPF8fviqGv8=&xsec_source=pc_search,1,1,0,1,1,0,0,0,1,1,0,0,0,0,0,0,0,0
68dcecd6000000000301f88f,get到了这个猫爪美甲的精髓！,"猫猫系列美甲～～～
业余美甲师，半个美术生
禁止盗图
立志做可以实现的简约可爱好看的猫猫美甲，缺点会持续改进
#猫咪美甲
想看什么美甲？扣评论区
关注我分享更多美甲款式💅
蹲宝子们复刻哦",有福之猫猫,1920,1761,5,6,676,1,https://www.xiaohongshu.com/explore/68dcecd6000000000301f88f?xsec_token=AB3giYH43jqAgpRVrVu6aZxsKDY5WE4X7PM28LVLGpUS4=&xsec_source=pc_search,0,0,0,0,0,0,0,0,0,0,0,0,0,0,0,0,0,0
69f49fa0000000002003b43a,「海盐冰气泡」美甲也太会了吧,裸透底色到奶蓝色的渐变，像加了冰的海盐气泡水，清透又显白不规则手绘 + 小碎钻点缀，温柔又有设计感，抬手就是夏日清爽感短甲姐妹也能冲，黄皮亲测巨显白，完全不挑手型配白衬衫、小裙子都超绝，一整个清爽住了💙 #海盐蓝美甲[话题]#  #冰透渐变美甲[话题]#  #清新美甲[话题]#  #显白美甲[话题]# #蓝色美甲[话题]# #新款美甲[话题]# #清透美甲[话题]# #温柔又仙气[话题]#,清研,1888,1512,11,25,900,1,https://www.xiaohongshu.com/explore/69f49fa0000000002003b43a?xsec_token=ABgj9bejwlOZ_nRFDsmzV1xjnpGLaQ5MYGgoQpEkhOjKU=&xsec_source=pc_search,0,0,0,1,0,0,0,1,0,0,0,0,0,1,0,0,0,0
6a046f12000000003502c7ce,离不开海莉美甲了,"#氛围感美甲[话题]# #本甲美甲[话题]# #ins美甲[话题]#
#海莉美甲[话题]# #秀一下我的新美甲[话题]# #美甲款式[话题]#
#简约美甲[话题]# #猫眼美甲[话题]# #美甲分享[话题]# #美甲推荐[话题]#",01,1825,1419,29,10,131,1,https://www.xiaohongshu.com/explore/6a046f12000000003502c7ce?xsec_token=ABXXWawY9-ncp9nasLC-Ls-RMA5KSc3_haGUX5w7QeRcg=&xsec_source=pc_search,0,0,0,0,1,1,0,1,1,0,0,0,0,0,1,0,0,0
69999487000000000a0287a3,新美甲look ♡♩奶油海莉渐变小方,"裸透极光底色配上细钻链条，温柔又显贵，是富家千金的指尖氛围感没错了✨
给宝宝们分享最近超爱用的拼朵朵美甲工具
#多多精选[话题]# #多多好物[话题]# #氛围感美甲[话题]# #美甲款式分享[话题]# #超嫩少女心美甲[话题]# #甜美美甲[话题]# #少女心美甲[话题]# #粉嫩美甲[话题]# #甜妹美甲[话题]# #清透美甲[话题]#",芝士饼饼,1635,1238,3,4,281,1,https://www.xiaohongshu.com/explore/69999487000000000a0287a3?xsec_token=ABCuWOlidkpaVjasXnvM2VUIGbecQx_zjnpCqZHtETfds=&xsec_source=pc_search,0,0,0,0,1,0,0,0,0,0,0,0,0,0,0,0,0,0
68ce1d50000000000e020057,蓝色猫眼、清冷感拉满,#指甲油[话题]# #免烤指甲油[话题]# #亲手晒美甲[话题]# #指甲油蓝色[话题]# #[话题]##m[话题]# y#猫眼美甲[话题]# #秋季美甲[话题]# #短款美甲[话题]# #显白美甲[话题]#,小彦彦美妆,1595,1798,10,5,694,1,https://www.xiaohongshu.com/explore/68ce1d50000000000e020057?xsec_token=ABC4TKEJFFfGlzkEwOPpbfqOwSu3K6uNvWMIksNR49Z6E=&xsec_source=pc_search,0,0,1,0,0,0,0,0,1,0,0,0,0,0,1,0,1,0
6a1153eb00000000380361b0,夏日番石榴清茶美甲💅🏻配色，好清新,#绿色美甲[话题]##粉色美甲[话题]##裸色美甲[话题]# #短甲[话题]##夏日美甲[话题]##手绘美甲[话题]# #星星美甲[话题]# #波点美甲[话题]# #甜美美甲[话题]#,酷酷的木木子（穿戴甲上手）,2563,2290,11,5,283,1,https://www.xiaohongshu.com/explore/6a1153eb00000000380361b0?xsec_token=AB2Oz4h9wbMBrQJgchuMJ0MWU7oO1XEMF1uKtWIgsJGgY=&xsec_source=pc_search,1,0,0,0,0,0,0,0,0,0,0,1,0,0,1,0,0,0
69c0efdd0000000023023763,我勒个豆！好可爱一美甲🥹✰•.。,"春夏天小短甲真的qq的
底色做侧光猫眼加腮红拍拍
图案手绘 ◔.̮◔✧
#手工穿戴甲[话题]# #短款美甲[话题]# #猫眼美甲[话题]# #可爱美甲[话题]# #显白美甲[话题]# #春夏美甲[话题]# #可爱穿戴甲[话题]# #甜美美甲[话题]# #韩系美甲[话题]# #短甲推荐[话题]#",爱美甲的秋鱼鱼,2249,1888,16,5,489,1,https://www.xiaohongshu.com/explore/69c0efdd0000000023023763?xsec_token=ABfpG0YSxjMLML3wEXqJJGkpeRnmYXF-gV_Pi-fpb6GYc=&xsec_source=pc_search,0,1,0,0,0,1,0,0,1,0,0,0,0,0,1,1,0,0
69e831070000000023016550,葡萄冰沙猫眼美甲,"#妆点我的生活[话题]#
指尖是那种清透的葡萄紫色，自带仙气滤镜，猫眼的光泽感像是流动的星河，还带着碎钻和极光偏光，感觉一伸手就是一整个宇宙，温柔又有灵气，是迪士尼在逃公主的本命美甲了。
#猫眼美甲[话题]# #葡萄紫美甲[话题]# #极光美甲[话题]# #仙女美甲[话题]# #梦幻美甲[话题]# #碎钻美甲[话题]# #显白美甲[话题]# #紫色美甲[话题]# #穿戴甲[话题]#",清露肤舍,1613,1547,11,5,328,1,https://www.xiaohongshu.com/explore/69e831070000000023016550?xsec_token=ABw2QVmxZDN7PFvR4lUGJn4JxGh0ZeCLQefWUjykqMkdo=&xsec_source=pc_search,0,0,0,1,0,0,0,0,1,1,0,0,0,0,0,1,0,0
69dd4733000000001f006a44,会发光的玻璃花‼️😍😍,#美甲夏天[话题]# #美甲短款春天多巴胺[话题]# #蓝眼泪穿戴甲[话题]# #美甲夏天中长款[话题]# #约会美甲[话题]# #猫眼眼睛美甲[话题]# #穿戴甲推荐[话题]# #夏天清透美甲[话题]# #夏日冰透美甲[话题]# #本甲美甲夏天[话题]#,紫紫Nail🔮,1587,1425,8,10,244,1,https://www.xiaohongshu.com/explore/69dd4733000000001f006a44?xsec_token=ABwiDzCo7YBHkcwdCaFJSNG6Wu6pYcfz-YtYcRQPRQNTg=&xsec_source=pc_search,1,0,0,0,0,0,0,0,1,0,0,0,0,0,1,1,0,0
69cfdb950000000022003ffc,我给美甲师的VS美甲师给我的,"第一次尝试裸色以外的颜色,还原度还是比较高的,价格也很OK诶[萌萌哒R][萌萌哒R]
#美甲还原度挑战[话题]# #美甲分享[话题]# #中长款美甲[话题]#",贝儿小馒头🍯,1580,1317,55,10,287,1,https://www.xiaohongshu.com/explore/69cfdb950000000022003ffc?xsec_token=ABLBa36cpsldnrEmOlRlMuZSRxNjJImIfOMTwXAGskmus=&xsec_source=pc_search,0,0,0,0,0,0,0,0,0,0,0,0,0,0,0,0,0,1
6a16c58c000000003601d6d3,显白的神！孔雀蓝美甲伸手就赢了,#戒指[话题]##戒指控[话题]# #夏天超显白美甲[话题]#  #薄荷漫波绿[话题]# #蓝色美甲[话题]# #夏天美甲[话题]# #显白[话题]##显白美甲[话题]# #大海的颜色[话题]#,星辰时刻,1429,786,37,5,93,1,https://www.xiaohongshu.com/explore/6a16c58c000000003601d6d3?xsec_token=ABeVQBwIvmEgjkAkXTe_hukBeuRk39x3jIP0C7zHUhD7M=&xsec_source=pc_search,1,0,0,0,0,0,0,0,0,0,0,0,0,0,0,0,0,0
6a1544950000000008024d49,°‧奶fufu的碎花美甲⋆｡𖦹🪻✨,"#汕头Yomi美甲[话题]#  #夏日清淡冷感妆容[话题]#
#短甲美甲[话题]# #奶白色美甲[话题]#
#ins美甲[话题]# #花花美甲[话题]# #日式美甲[话题]#
#百搭美甲[话题]# #极简美甲[话题]# #韩系少女心美甲[话题]#",Yomi Nail,1365,783,3,1,53,1,https://www.xiaohongshu.com/explore/6a1544950000000008024d49?xsec_token=ABIscQNblY1j3VbZDgaP0a-bmUr_ry-sWvulKhniuysI0=&xsec_source=pc_search,0,0,0,0,0,1,0,1,0,0,1,0,0,0,1,0,0,0
69e36f83000000001d01bc05,好温柔的粉白渐变美甲💅,"裸粉渐变也太温柔了吧🥰
粉白渐变的裸色美甲，上手自带妈生好气色，
清透的质感像把果冻戴在了手上，温柔又显气质。
图片是穿戴甲的上手实拍【粉白奶冻】，
不挑皮、不挑甲型，日常通勤、约会都超合适！#裸色美甲[话题]# #渐变美甲[话题]# #粉白渐变美甲[话题]# #温柔美甲[话题]# #伪素颜美甲[话题]# #妈生感美甲[话题]# #短甲美甲[话题]# #黄黑皮美甲[话题]# #学生党美甲[话题]#",云抒小铺4号,1211,1066,1,1,195,1,https://www.xiaohongshu.com/explore/69e36f83000000001d01bc05?xsec_token=ABpX_lIBphJ9Tt5uLDX9CPMuKlIFMQOFTItY4FSatBsQw=&xsec_source=pc_search,0,0,0,1,1,1,0,1,0,0,0,0,0,1,1,1,0,0
69d92f330000000023005c1f,谁能拒绝这么仙的花花🌸美甲～🥹🥹,#美甲夏天[话题]# #钻石粉法式美甲[话题]# #约会美甲[话题]# #指尖干花美甲[话题]# #温柔美甲[话题]# #指膜定制穿戴甲[话题]# #冰透美甲[话题]# #猫眼多巴胺美甲[话题]# #美甲款式夏天显白[话题]# #猫眼睛美甲[话题]#,紫紫Nail🔮,2590,2457,13,15,341,1,https://www.xiaohongshu.com/explore/69d92f330000000023005c1f?xsec_token=ABdOxmw-xfdrbW3IwU0pV1zE6S_tD-YXClngc7-1pKxMY=&xsec_source=pc_search,1,0,0,1,0,0,0,0,1,1,1,0,0,0,0,1,0,0
68c300b7000000001b03305b,不会忽悠顾客的美甲师下场有多惨🤔,做了快10年美甲不会忽悠顾客还原度，能还原就还原，还原不了就实话实说，不需要去忽悠人家过来.影响顾客的心情，实实在在的不好吗[赞R]#美甲[话题]# #大朗美甲[话题]# #美甲师[话题]# #美甲店推荐[话题]#,大朗TS美甲美睫（不回私信）,2316,297,81,5,173,1,https://www.xiaohongshu.com/explore/68c300b7000000001b03305b?xsec_token=ABFssnvdwvtt7yYsfsB-rZo025FKB8SnyW6ZwHPR-r958=&xsec_source=pc_search,0,0,0,0,0,0,0,0,0,0,0,0,0,0,0,0,0,0
69e5cea2000000002200d381,冰蓝粉渐变美甲｜温柔到骨子里的清冷甜妹感,"谁懂啊家人们！
这款清透渐变美甲真的美到我心巴上✨
裸粉打底过渡奶fufu的冰蓝渐变
自带细闪猫眼的水光通透感
就像指尖盛了一捧夏天的薄雾🌫️
单指小小的立体蝴蝶结太点睛了
奶白软乎乎的 甜而不腻
零星点点细钻波点点缀
温柔里又带了点灵动细碎的精致
中长椭圆甲型巨修饰手型
把手指衬得又细又长
低饱和色系日常完全不挑皮
通勤、约会、搭小裙子都超适配
清冷易碎感+软甜气质直接拉满
上手整个人气质都变温",小欧爱美,2076,1507,8,5,361,1,https://www.xiaohongshu.com/explore/69e5cea2000000002200d381?xsec_token=ABn3v0RPEAnZ6EvHsWMYUXlRZymi-nhWNjuO7SljLsazU=&xsec_source=pc_search,1,0,0,1,1,0,0,0,0,0,0,0,0,1,0,1,0,1
69b97fde000000001d01e1ea,神仙极光绿猫眼美甲✨ 显白到尖叫！,"周末逛街时偶然看到这款美甲，瞬间被戳中❤ 极光绿配猫眼，温柔又高级～
上手显白不止一个度😆 光泽感绝了～抬手可太显贵气啦～
#美甲种草[话题]# #极光绿美甲[话题]# #猫眼美甲[话题]# #显白美甲[话题]# #秋季美甲[话题]# #高级感美甲[话题]# #仙女美甲[话题]# #气质美甲[话题]# #美甲分享[话题]# #美甲灵感[话题]#",辣甲日记,868,940,2,2,428,1,https://www.xiaohongshu.com/explore/69b97fde000000001d01e1ea?xsec_token=ABenKGUQxDuQy79miG9aU0wyGK9eG7wKBGdCJQAtwAz3g=&xsec_source=pc_search,0,0,1,1,1,0,0,0,1,0,0,0,0,0,0,0,0,0
69d5b0f60000000023011355,美拉德风焊死！裸棕渐变碎钻美甲太绝了✨,搭配爆闪碎钻和小钻点缀，一整个高级感拉满，阳光下 blingbling 的，像把奶茶色的银河揉进指甲里，日常通勤、约会都适配，温柔到骨子里的氛围感，#超好看的美甲[话题]# #美甲款式[话题]# #美甲控[话题]# #棕色美甲[话题]# #高级显白美甲[话题]# #秋日棕色系美甲[话题]# #秋天美甲穿戴显白甲片[话题]# #焦糖色美甲[话题]# #温柔美甲[话题]# #奶茶色美甲[话题]#,yao瑶摇,653,543,3,3,81,1,https://www.xiaohongshu.com/explore/69d5b0f60000000023011355?xsec_token=ABO_3lJSOJ8co7Jn55ruO59X--xq3yhxGZateRLh7LEUM=&xsec_source=pc_search,0,0,1,1,1,0,0,0,0,0,0,0,0,0,0,0,0,0
6a15ae960000000035026466,真的好像一颗紫葡萄🍇,#美甲款式[话题]# #ins美甲[话题]# #美甲[话题]# #猫眼美甲[话题]# #氛围感美甲[话题]# #美甲推荐[话题]# #分享美甲[话题]# #气质美甲[话题]# #美甲分享[话题]# #百搭美甲[话题]#,斤煎妮,545,561,4,3,69,1,https://www.xiaohongshu.com/explore/6a15ae960000000035026466?xsec_token=ABIscQNblY1j3VbZDgaP0a-eaaA7WJtyB9WWG7QUIIXgA=&xsec_source=pc_search,0,0,0,0,1,1,0,0,1,0,0,0,0,0,0,0,0,0
6a173fc80000000036033bb2,Ins花花｜合肥美甲,#超好看的美甲[话题]# #合肥美甲[话题]# #美甲分享[话题]# #短甲款式[话题]# #韩系少女心美甲[话题]# #ins风美甲[话题]# #塑料风美甲[话题]# #美甲[话题]# #氛围感美甲[话题]# #手绘美甲[话题]#,FACEU ART STUDIO,130,116,0,0,12,1,https://www.xiaohongshu.com/explore/6a173fc80000000036033bb2?xsec_token=ABiJffUevlp9eZW_39J72-jmRKMtSRxcp2ochGD-AxNJw=&xsec_source=pc_search,0,0,0,0,1,1,0,0,0,0,0,1,0,0,1,0,0,0
68996a7c0000000004004970,💙蓝色猫眼波点美甲真的太爱了！,"""蓝系暴击！猫眼波点美甲+蓝色外壳的爱心口红💙一套直接封神！
姐妹们！！这套蓝系组合拳太绝了！！
💅 **深蓝浅蓝的猫眼搭配+亮片点缀的波点**
指尖像是把银河和海洋都装进去了✨
光线一转就是梦幻极光效果！！
💄 **蓝色外壳爱心口红**也太会了吧！
外壳是的天蓝色的爱心形状💙
膏体居然是超嫩的的少女粉
冷艳外壳×甜美内在的反差萌我死了！！
📸 随手对镜自拍
美甲和口红同框直接氛围感拉满
朋友圈点",奶咖芋妮茶🍊,41000,37000,348,5,14000,1,https://www.xiaohongshu.com/explore/68996a7c0000000004004970?xsec_token=ABMUh6R6hFXl0F3LLcNv-dMw--MW0qgCw3AK6NCscKcrE=&xsec_source=pc_search,1,0,0,0,0,0,0,0,1,1,0,0,0,0,1,1,0,0
69cca8e1000000001f0063f1,我给美甲师的VS美甲师给我的（第二弹）,#美甲[话题]# #猫眼[话题]# #美甲款式分享[话题]# #美甲还原度挑战[话题]# #美甲图片[话题]# #本甲美甲[话题]# #美甲推荐[话题]#,AAA-专业香菜代吃,16000,13000,286,5,3599,1,https://www.xiaohongshu.com/explore/69cca8e1000000001f0063f1?xsec_token=ABnl-BFWfj2wi_zCcA7lXBw9lwjxK7DxlOuvu-q3yKIHs=&xsec_source=pc_search,0,0,0,0,0,0,0,0,1,0,0,0,0,0,1,0,0,0
69bfbd32000000001b022953,深圳 58元本甲+建构 夯爆了🥰,"👉👉👉本人图片无美颜无滤镜（主图是网图）
看到和图片还是有些差距，但真的越看越好看！！！[哭惹R][哭惹R][哭惹R]
各位宝宝，做玻璃珠猫眼有3点可以注意下[飞吻R]
1⃣️选颜色特别透的猫眼胶，可以先用裸色打底更显色也更均匀（我的是甄嬛色叠加猫眼）
2⃣️猫眼要整个甲面吸亮（大部分美甲师都懂）
3⃣️猫眼照灯后，叫美甲师叠加一层亮面胶，再封层
PS：
⇒因为我的猫眼颜色太浅，美甲师直接帮我叠加",纯碱不是碱,13000,9808,352,5,1955,1,https://www.xiaohongshu.com/explore/69bfbd32000000001b022953?xsec_token=ABZFj8_htWRd0eMG8nUPK7QuuGmcnZhb3OgXziHN8aNkI=&xsec_source=pc_search,1,0,0,0,0,0,0,1,1,0,0,0,0,0,1,0,0,0
666eb917000000001c0355e7,live直出黑银猫眼➕新中式国风竹之高级🖤,"新中式风格设计真的是很高级！
猫眼出图太绝了！！
#尝试一个新look[话题]# #国风竹子美甲[话题]# #高级美甲[话题]# #百搭美甲[话题]# #氛围感美甲[话题]# #亲手晒美甲[话题]# #分享美甲[话题]# #高级清冷感美甲[话题]# #金属美甲[话题]# #穿戴甲定制[话题]#",PreferNail纯手作穿戴甲,13000,11000,182,5,8509,1,https://www.xiaohongshu.com/explore/666eb917000000001c0355e7?xsec_token=AB9lzEAjn7rvDCSIj5GZZBIGifryrmya2UkZKszgmHVT8=&xsec_source=pc_search,0,0,0,0,1,0,0,0,0,0,0,0,0,0,0,1,0,0
6a0a7b0e0000000036003e89,薄荷巧克力波点,#薄荷绿[话题]# #美甲推荐[话题]# #个人玩家美甲[话题]# #夏天美甲[话题]#,少吃早睡多学习,12000,8711,71,5,1186,1,https://www.xiaohongshu.com/explore/6a0a7b0e0000000036003e89?xsec_token=ABk8kcRUs04kth_YdkSCAEpzskflWAwT5drZPoDyn_GDc=&xsec_source=pc_search,1,0,0,0,0,0,0,0,0,0,0,0,0,0,0,0,0,0
6a1583a20000000006022d3f,赛里木湖🪞,#美甲分享[话题]# #猫眼美甲[话题]# #夏日和大海[话题]#,汉堡er,8930,8038,131,5,1636,1,https://www.xiaohongshu.com/explore/6a1583a20000000006022d3f?xsec_token=ABIscQNblY1j3VbZDgaP0a-bGtTxbPUrR6cdG7fuw08uA=&xsec_source=pc_search,1,0,0,0,0,0,0,0,1,0,0,0,0,0,0,0,0,0
68f07b2e000000000301bace,秋冬新款小短甲 🍧也太嫩了吧,裸粉色渐变到清透的极光色，像把暮色里的天空揉进指甲，细碎的闪片在光下波光粼粼，还有小巧的白色星星点缀，又仙又梦幻，温柔到骨子里～每次抬手都被美到，朋友追着问了 N 遍在哪做的！秋冬配毛衣绝绝子，感觉自己是从童话里走出来的公主👸 #美甲分享[话题]#  #极光美甲[话题]#  #温柔美甲[话题]#  #仙女美甲[话题]#,MMX呀～,8636,6587,33,5,2305,1,https://www.xiaohongshu.com/explore/68f07b2e000000000301bace?xsec_token=ABf7Jea77zyUfILhI71wtw8ZpVT2LIB6MSecGUbPi0TNQ=&xsec_source=pc_search,0,0,0,1,0,0,0,0,1,0,0,0,0,0,0,0,0,0
68eccc7b000000000701471d,高级气质裸！淡人天菜通勤甲,#晒晒我的新美甲[话题]# #裸色美甲[话题]##美甲尽头就是裸[话题]# #清透美甲[话题]##日常通勤美甲[话题]# #上班族美甲[话题]##温柔美甲[话题]# #裸粉美甲[话题]# #极简美甲[话题]# #裸色系[话题]# #气质美甲[话题]# #高级感美甲[话题]# #千金风美甲[话题]# #简约美甲[话题]# #温柔高级感[话题]#,Hello美甲,10000,8402,133,5,1260,1,https://www.xiaohongshu.com/explore/68eccc7b000000000701471d?xsec_token=ABmbx7CpMR9XvmlRBQxyXjRqg9R7CO9O62JG4bmeal-Us=&xsec_source=pc_search,0,0,0,1,1,0,0,1,0,0,0,0,0,0,0,0,0,0
69ff12cb0000000035033239,清冷雾霾蓝美甲🧊⑅✩,"今天的手我能拍一百张…
清冷蓝调猫眼星星美甲，配上赫生这两枚戒指，瞬间有内味儿了！
不是那种blingbling到夸张的闪，就是珍珠的柔光+锆石的细碎光泽，像阴天里透出来的软光，温柔又不刻意。#穿戴甲[话题]# #美甲款式[话题]# #干净清冷美甲[话题]# #清透美甲[话题]# #显白美甲[话题]# #ins美甲[话题]# #美甲短款夏天显白[话题]##短款指甲2026新款美甲[话题]#  #赫",旺仔鱼Luckyü,9083,6436,23,5,672,1,https://www.xiaohongshu.com/explore/69ff12cb0000000035033239?xsec_token=AB4KYqLOi4wyguEoK6AQccHKZ_HSDFUMLiqwJ3nsh9VHg=&xsec_source=pc_search,1,0,0,0,1,1,0,0,0,0,0,0,0,0,1,1,0,0
6a10353a000000000702145d,Cute 🩵,"🛁𓂂 𓈒𓍼🫧˖⸂ ‎⟡🫙ˣ ˖
米菲兔！！特别美萌的一款夏日美甲～
蓝色和猫眼的搭配清透感很绝🧊
	
最近忙到根本没时间欣赏美甲，经常熬夜加班对着电脑，脸直接垮掉…打工人抗老根本不敢瞎糊弄！！最近用上了升级的修丽可AGE面霜，用过才知道，AGE面霜真的太懂我们想要什么了～
作为市面上第一款30%高浓度玻色因面霜，实打实帮皮肤补充胶原蛋白，搭配4.4%复合抗糖精粹，防止胶原糖化流失，坚持用下来明显感",玻璃心达达,7640,5133,18,5,533,1,https://www.xiaohongshu.com/explore/6a10353a000000000702145d?xsec_token=ABCsWq66y1KLI8WZLOsn-ZLTAV4alefeXCgcSrx79NG9g=&xsec_source=pc_search,1,0,0,0,1,1,0,1,0,0,0,1,0,0,0,0,0,0
68a6b389000000001d00becb,新美甲look ♡♩冰茶香槟小香风法式超千金,"香槟金猫眼搭配香槟金拼钻，尊嘟闪到没边✨
初秋香槟的调调和我最近爱用物——橘朵眼影盘的28号色很搭哦～
这盘烟木盘，灰金棕调碎钻烟熏，精致贵气感满分，一盘多用，清冷消肿、淡颜白开水、日杂烟熏等浓颜淡颜都轻松拿捏！！！
最要夸夸这个爆闪碎钻色，叠加上眼显得高级又精致！
宝宝们，入手不亏~
#氛围感美甲[话题]# #超嫩少女心美甲[话题]# #约会美甲[话题]# #富家千金美甲[话题]# #奶茶色美甲",芝士饼饼,7339,5986,51,5,2778,1,https://www.xiaohongshu.com/explore/68a6b389000000001d00becb?xsec_token=ABDD8OUqw4ODAAKtvuCJY6BjTjsyWqgf3BJnQdLFvzVVI=&xsec_source=pc_search,0,0,0,0,1,0,0,0,0,1,0,0,0,0,0,0,0,0
687f5779000000000d027d0a,Nail ♡♩夏日多巴胺果汁感短甲🧃超显白～,"香香甜甜的果汁感法式短甲太夏天了叭！！
满满的多巴胺而且超显白～
搭配周年收到的CRD克徕帝 花漾钻戒拍照太出片了💍忍不住拍个不停嘻嘻…
天然钻石搭配花枝藤蔓的戒臂，整体是一个手捧花的造型~
戴上灵动清新脱俗超仙的！
搭配V形排戒叠戴直接是爆闪的状态，千金感拉满了
拍照📷也显得手指超直超细~幸福感无限加倍
#韩系少女心美甲[话题]# #甜妹美甲[话题]# #甜美美甲[话题]# #美甲ins[话题]",芝士罐罐,7090,5293,54,5,1296,1,https://www.xiaohongshu.com/explore/687f5779000000000d027d0a?xsec_token=ABMM8DFCpNSDOmzlTd8kXrAu9EKAVbhKPlgdiNNkxztcw=&xsec_source=pc_search,1,0,0,0,0,1,0,0,0,0,0,0,0,0,0,0,0,0
69daf7ce0000000021012ef8,黄色系美甲分享💛,"#黄色美甲[话题]# #美甲控[话题]# #黄色系美甲[话题]#
#美甲款式分享[话题]# #百搭美甲[话题]# #夏天美甲[话题]#
#精致女生必备[话题]# #女生精致好物[话题]#",星禾搭搭🌱,6313,5258,25,5,755,1,https://www.xiaohongshu.com/explore/69daf7ce0000000021012ef8?xsec_token=AB6VnIMaSdJPAx0-CkVPO_jBY-1WcnBlSkEnoHR-gFEoo=&xsec_source=pc_search,1,0,0,0,0,0,0,0,0,0,0,0,0,0,0,0,0,0
6a054cc6000000003703516a,蓝色格纹小短甲🫧pin哆哆,"蓝色猫眼石神秘又深邃
像深夜的湖面泛着微光
白色猫眼清透温柔
像初雪落在月光下✨
最绝的是无名指上的格纹！
奶白底+深海蓝线条
像是把英伦复古西装穿在了指甲上
精致又不会太夸张
#美甲[话题]#  #猫眼美甲[话题]# #夏日美甲[话题]# #蓝色美甲[话题]#  #通勤美甲[话题]##显白美甲[话题]# #小短甲[话题]##pinduoduo[话题]##pin哆哆[话题]##氛围感美甲[话题]#",奶咖芋妮茶🍊,5998,5353,16,5,1097,1,https://www.xiaohongshu.com/explore/6a054cc6000000003703516a?xsec_token=ABJhKZUzTlAatukRptfkBOm3DEymm90JoeoX9uGtGhu0U=&xsec_source=pc_search,1,0,0,0,1,0,0,0,1,0,0,0,0,0,1,0,0,0
69c22f7b000000002102dccf,浅春小雏菊｜薄荷绿,#美甲[话题]# #显白美甲[话题]# #春季美甲[话题]# #猫眼美甲[话题]# #小短甲[话题]# #氛围感美甲[话题]# #短甲推荐[话题]# #春日美甲[话题]# #短款美甲[话题]# #薄荷绿美甲[话题]#,奶咖芋妮茶🍊,5943,5179,37,5,2038,1,https://www.xiaohongshu.com/explore/69c22f7b000000002102dccf?xsec_token=ABz6iGrvLvIe8hUYwgC2cUu5YlT36pyHGTq9ENmpdUfcE=&xsec_source=pc_search,0,1,0,0,1,0,0,0,1,0,0,0,0,0,1,0,0,0
69eaf91c000000001901e004,Ins Nail ♡♩浅蓝渐变,"天气开始变热了🥵美甲也是时候降降温啦◍˃ᵕ˂◍
美甲师久坐党+生理期闷热星人集合！！
我挖到宝了——维达B5精华湿厕纸真的太懂女生了
(꜆꜄꜆˙꒳˙)꜆꜄꜆
这款湿厕纸里竟然额外加了B5精华，擦起来软fufu的，尤其是生理期的时候，本来就不舒服，真的该用点感觉对自己好的清洁用品，这个因为加了B5擦起来真的感觉舒缓很多~
0酒精0杀菌剂0荧光剂，成分干净超安心
每一张都又大又厚，摸起来软乎乎的，用着",西师傅,5795,4510,14,5,587,1,https://www.xiaohongshu.com/explore/69eaf91c000000001901e004?xsec_token=AB_PB99spyPzz0w4MXhQr7KwrOAQxol7BNXdz072oA7sQ=&xsec_source=pc_search,1,0,0,0,1,0,0,1,0,0,0,0,0,0,0,0,0,0
69dddbcc0000000021011c74,纯欲甜酷天花板，这对蝴蝶结我直接焊死,#穿戴甲[话题]#  #美甲[话题]#  #显白美甲[话题]#  #甜酷风[话题]#  #美甲控[话题]#  #美甲灵感[话题]#  #仙女美甲[话题]# #约会美甲[话题]#  #日常美甲[话题]#,蓓野 Cocola,5746,2826,30,5,563,1,https://www.xiaohongshu.com/explore/69dddbcc0000000021011c74?xsec_token=ABwiDzCo7YBHkcwdCaFJSNGxPn-PwJ-1NzQ0sufdeB_O0=&xsec_source=pc_search,0,0,0,1,0,0,1,0,0,0,0,0,0,0,0,1,0,0
69c3380e000000001a023109,春日限定！把蝴蝶落在指尖的渐变美甲太仙了,这款裸粉渐变美甲像把春日的蝴蝶和星光揉进指尖✨清透裸粉 + 细闪渐变打底，像撒了一层碎钻月光，立体白蝴蝶灵动又温柔，珍珠点缀像露珠落在花瓣上#超好看的美甲[话题]# #美甲款式[话题]# #美甲控[话题]# #仙气蝴蝶美甲[话题]# #氛围感美甲[话题]# #温柔风美甲[话题]# #美甲款式夏天显白[话题]# #仙女美甲[话题]# #神仙美甲[话题]# #春日感温柔美甲[话题]#,yao瑶摇,3895,3285,25,5,1050,1,https://www.xiaohongshu.com/explore/69c3380e000000001a023109?xsec_token=ABjDzthBCrz043m0WAykhO0n21MD0ly2pB_JHOyMItrok=&xsec_source=pc_search,1,1,0,1,1,0,0,0,0,0,0,0,0,0,0,0,0,0
68a6a1cf000000001b03e775,合集～,#超好看的美甲[话题]# #约会美甲[话题]# #氛围感美甲[话题]# #穿戴甲温柔[话题]# #少女心美甲[话题]# #种草穿戴甲[话题]# #温柔美甲[话题]# #夏日显白美甲[话题]# #,星际碎片,3814,2924,43,5,456,1,https://www.xiaohongshu.com/explore/68a6a1cf000000001b03e775?xsec_token=ABDD8OUqw4ODAAKtvuCJY6BhpMoTzt8I4uDgmD6-A5BVg=&xsec_source=pc_search,1,0,0,1,1,0,0,0,0,0,0,0,0,0,0,1,0,0
6a106184000000003700d631,Nail♡♩🫧ins感海盐蓝星星波点法式美甲,"又换新美甲噜~
韩里韩气的海盐蓝法式搭配我爱的波点星星元素
夏日元气少女清新氛围感💅🏻
	
有没有姐妹跟我一样😭一到换季就泛红敏敏、脸颊干到起皮，平时经常熬夜，脸又黄又暗沉，脸垮又松弛得，化妆卡粉卡纹，换了无数面霜，要么太油闷痘、要么太干没效果
直到挖到升级版修丽可AGE面霜，才真正把所有皮肤问题一锅端
之前我踩过太多抗老坑！只盯着淡纹精华猛涂，结果脸越来越黄，苹果肌下垂、法令纹加深，下颌线直接糊",搓指甲的AJIAO,3600,3068,10,4,202,1,https://www.xiaohongshu.com/explore/6a106184000000003700d631?xsec_token=ABCsWq66y1KLI8WZLOsn-ZLZXICGBmWxUM4wYXjcPUuF0=&xsec_source=pc_search,0,0,0,0,1,1,0,0,0,0,0,0,1,0,0,0,0,0
6a11884f00000000070237d6,可爱小煤球🐈‍⬛甜酷少女的黑粉配色美甲💗,"小眼睛点缀好萌👀
图片展示的是【茉哉】穿戴甲
#黑粉美甲[话题]# #甜酷美甲[话题]# #茉哉穿戴甲[话题]# #ins美甲[话题]# #少女心美甲[话题]# #茉哉美甲[话题]# #氛围感美甲[话题]# #穿戴甲分享[话题]# #撞色美甲[话题]# #韩系美甲[话题]#",Mo2 Nail茉辰,3495,1973,15,5,308,1,https://www.xiaohongshu.com/explore/6a11884f00000000070237d6?xsec_token=AB2Oz4h9wbMBrQJgchuMJ0MbtN5ZTQTwh-YKrxG6blXgU=&xsec_source=pc_search,0,0,0,0,1,1,1,0,0,0,0,0,0,0,0,1,0,0
69f72ee2000000001a02ce47,Day20｜超可爱的美甲💅,奶黄色小鸡🐤图案来了哦！！！#100天美甲挑战[话题]# #显白美甲[话题]# #可爱美甲[话题]# #童趣美甲[话题]# #夏日小清新美甲[话题]# #卡通美甲[话题]# #可爱小短甲[话题]#  #春夏美甲配色[话题]# #夏日美甲[话题]# #甜妹美甲[话题]#,小🍬美甲日记,3362,3046,39,5,553,1,https://www.xiaohongshu.com/explore/69f72ee2000000001a02ce47?xsec_token=AB4D55ag7_Weyc5wIHJwmbI_3HiDIarLXZO-nzaLw-_VU=&xsec_source=pc_search,1,1,0,0,0,0,0,0,0,0,0,1,0,0,1,0,0,0
69ccf2040000000022028076,春日限定！奶绿小花美甲🌿温柔到骨子里,春天的美甲终于安排上啦！这款奶绿渐变真的绝绝子～清透奶绿打底 + 金箔碎钻，温柔感直接拉满✨指尖的小白花精致又灵动，点缀小绿钻超有小心机方圆甲做出来巨显手长，黄皮姐妹也能放心冲日常通勤、约会都适配，自带清新氛围感谁做谁是温柔小仙女，春天就该做这种颜色呀！#超好看的美甲[话题]# #美甲款式[话题]# #美甲控[话题]# #清新美甲[话题]# #高级显白美甲[话题]# #夏日小清新美甲[话题]# #,yao瑶摇,3272,2866,37,5,1359,1,https://www.xiaohongshu.com/explore/69ccf2040000000022028076?xsec_token=ABnl-BFWfj2wi_zCcA7lXBw0swiB1Rb1xZx8LNJ77_k2Y=&xsec_source=pc_search,1,1,0,0,1,0,0,1,0,0,0,0,0,0,0,0,0,0
69c9d419000000002103986a,春日限定甜妹美甲！把蝴蝶结焊在指尖,春天的美甲就该是这种清透甜妹风！🍃裸粉底色 + 奶白法式，像把樱花揉进指尖立体蝴蝶结 + 金闪细边，仙气又灵动✨短甲也能做，配小裙子 / 卫衣都好看，春日氛围感拉满～#超好看的美甲[话题]# #美甲款式[话题]# #美甲控[话题]# #温柔美甲[话题]# #穿戴甲温柔[话题]# #约会美甲[话题]# #高级显白美甲[话题]# #美甲款式夏天显白[话题]# #好看的美甲[话题]# #冰透美甲[话题],yao瑶摇,3261,2442,11,5,928,1,https://www.xiaohongshu.com/explore/69c9d419000000002103986a?xsec_token=ABywkirwIvIxH3N19sz_CF8NhQBMjvjGQbstxy-aHNKDY=&xsec_source=pc_search,1,0,0,1,1,0,0,0,0,0,0,0,0,0,0,0,0,0
6a04794400000000060323de,仙女们帮忙投票可好？,美甲想换款了，陷入纠结之中，仙女们夏天都做啥款式呀#请帮我极限N选一[话题]# #美甲[话题]# #美甲推荐[话题]#,辛二,3234,2067,85,5,151,1,https://www.xiaohongshu.com/explore/6a04794400000000060323de?xsec_token=ABXXWawY9-ncp9nasLC-Ls-fZdHlLaH6fXsylO3WEYsTw=&xsec_source=pc_search,0,0,0,0,0,0,0,0,0,0,0,0,0,0,0,0,0,0
68e20d380000000003013d9b,晨露是永远的唯美白月光！,#穿戴甲分享[话题]# #氛围感美甲[话题]# #贴甲片[话题]# #初恋的感觉仿佛又回来了[话题]# #永远臣服于温柔[话题]# #穿戴甲简约[话题]# #穿戴甲推荐[话题]# #妆容分享[话题]# #妆容[话题]# #妆教[话题]#,Chang穿戴甲,3216,1507,94,5,275,1,https://www.xiaohongshu.com/explore/68e20d380000000003013d9b?xsec_token=ABrQZWrnaT8LKamLnGPG_9YD5BLWb52JOeXZJBFNHuV8s=&xsec_source=pc_search,0,0,0,1,1,0,0,0,0,0,0,0,0,0,0,1,1,0
6936c776000000001b02312e,帮我极限五选一。。。准备明后天去做。。。,#秋冬指尖不孤单[话题]# #巨好看显白美甲[话题]# #美甲推荐[话题]# #帮我选美甲[话题]# #美甲图片[话题]#,会开花的云朵,3213,2608,39,5,717,1,https://www.xiaohongshu.com/explore/6936c776000000001b02312e?xsec_token=ABO8Lwk23GaHx8-e_c6t7mGnRwByk_cSnD5qV4OFnb66o=&xsec_source=pc_search,0,0,1,0,0,0,0,0,0,0,0,0,0,0,0,0,0,0
6a0d22d3000000000603289b,果冻海！,#短甲美甲[话题]# #猫眼美甲[话题]# #显白美甲[话题]# #高级美甲[话题]# #美甲款式[话题]# #玻璃海[话题]# #温柔又显白[话题]# #夏天美甲[话题]# #追光猫眼[话题]# #蓝色美甲[话题]#,做一颗快乐的头,3217,2398,23,5,462,1,https://www.xiaohongshu.com/explore/6a0d22d3000000000603289b?xsec_token=AB95Tn0X89M33kJnF7jfNDUm09h8a65cRkn3LJNyTIIuY=&xsec_source=pc_search,1,0,0,1,1,0,0,0,1,0,0,0,0,0,1,0,0,0
69b7c8240000000020038f00,夏日限定海洋🌊猫眼格纹海星美甲～,"哈喽 姐妹们 这里是奈奈
今天是这款蓝色海洋风的年美甲款式
海星上面加了点珠光白和蓝色 看起来更夏天啦～
-
#显白美甲[话题]# #超好看的美甲[话题]# #夏日美甲[话题]##海洋美甲[话题]# #猫眼美甲[话题]#  #京东以旧换新多重狂补[话题]# #3C数码开工开学换新季[话题]#  #京东教育优惠[话题]# #京东放学3点半[话题]#",奈奈~,3082,2508,13,5,410,1,https://www.xiaohongshu.com/explore/69b7c8240000000020038f00?xsec_token=ABl9iSrV6Orq697d6mK4kBgunL7q4_lsxVbR0cv8KAPLc=&xsec_source=pc_search,1,0,0,0,0,0,0,0,1,0,0,0,0,0,0,0,0,0
69b3e23d000000002103a258,ins极简线条🫧猫眼美甲✨气质温柔氛围感好绝,"清透又自然的淡人美甲💅
#穿戴甲[话题]# #穿戴甲分享[话题]# #氛围感美甲[话题]# #猫眼美甲[话题]# #温柔美甲[话题]# #线条美甲[话题]# #高级显白美甲[话题]# #晶石猫眼美甲[话题]# #冰透美甲[话题]# #清透美甲[话题]#",奶冻小猫梨-茉哉,3074,3098,20,5,986,1,https://www.xiaohongshu.com/explore/69b3e23d000000002103a258?xsec_token=ABjy5GvMDHp7jWbqr08pw50YuRc9Pi1qy4QRrkwuEDRt0=&xsec_source=pc_search,0,0,0,1,1,0,0,0,1,0,0,0,0,0,0,1,0,0
69ca5aa9000000001a02e3e0,闪耀仲夏夜碎钻猫眼✨｜亮晶晶✨飘带美甲💅,#高级显白美甲[话题]# #碎钻美甲[话题]# #清透美甲[话题]# #氛围感美甲[话题]# #飘带美甲[话题]# #链条美甲[话题]# #约会美甲[话题]# #仙气美甲[话题]# #细闪美甲[话题]# #碎钻胶[话题]#,桃汽小栗,2695,2742,11,5,823,1,https://www.xiaohongshu.com/explore/69ca5aa9000000001a02e3e0?xsec_token=ABbs1xBdo4u23dt6uqAcHXH0AyIodZmHHBBogXW5ppjzs=&xsec_source=pc_search,0,0,0,1,1,0,0,0,0,1,0,0,0,0,0,0,0,0
69d62b000000000023010380,春日约会本命！裸粉闪爱心美甲甜晕了🌸,终于挖到适合春天约会的美甲了！这个裸粉闪爱心也太绝了吧！奶呼呼的清透裸粉，温柔又显白，完全不会显黑，多款爱心闪片 + 立体造型，甜而不腻，氛围感直接拉满，金闪在不同光线下都超闪，上手甜到心巴，不管是学生党还是上班族都超合适，做完美甲心情都变好了，春天的甜妹感直接拉满！#超好看的美甲[话题]# #美甲款式[话题]# #美甲控[话题]# #冰透美甲[话题]# #穿戴甲温柔[话题]# #约会美甲[话题],yao瑶摇,2658,2215,11,5,1909,1,https://www.xiaohongshu.com/explore/69d62b000000000023010380?xsec_token=ABpmnkZeUjNPlM6tc9nzujeZIrTetpsHQzbyfOZ3JRr_M=&xsec_source=pc_search,1,0,0,1,1,0,0,0,0,0,0,0,0,0,0,0,0,0
692bbcaa000000001b0233b4,被问了一天在哪家店做的！！,"真的真的像本甲上画的诶
但其实是 穿戴甲啦！
甲片的服帖程度真的难以分辨是不是原生甲～🩵
好看贴合又自然，这甲太值得[哇R]！
	
#秋冬ootd心机搭[话题]# #美甲灵感家[话题]# #氛围感美甲[话题]# #气质美甲[话题]# #温柔美甲[话题]# #秋冬美甲[话题]# #琥珀焦糖甲[话题]# #显白美甲[话题]# #穿戴甲[话题]#",CHANG彩妆,2632,1147,70,5,271,1,https://www.xiaohongshu.com/explore/692bbcaa000000001b0233b4?xsec_token=ABheHEy8EC7DsM2mMGPq5c2bFpkmfhUuOIm9RgOyVuxh4=&xsec_source=pc_search,0,0,1,1,1,0,0,0,0,0,0,0,0,0,0,1,0,0
69f839ad00000000380235b9,四线城市县城的top级别美甲店做这个指甲浅贴会员折后280左右怎么样（图源：@删除地球 ）#指尖生花[话题]# #清透美甲[话题]# #花花美甲[话题]# #氛围感美甲[话题]#,四线城市县城的top级别美甲店做这个指甲浅贴会员折后280左右怎么样（图源：@删除地球 ）#指尖生花[话题]# #清透美甲[话题]# #花花美甲[话题]# #氛围感美甲[话题]#,ragdoll,2511,1617,117,10,203,1,https://www.xiaohongshu.com/explore/69f839ad00000000380235b9?xsec_token=ABrkXI58dM_oXtUsIaZvc_NVVmBezux9KNC8WhzqYFG0Q=&xsec_source=pc_search,0,0,0,0,1,0,0,0,0,0,1,0,0,0,0,0,0,0
6a0b18b1000000003601e8e7,清透树莓粉美甲💅🏻，夏日感满满,#粉色美甲[话题]##细闪美甲[话题]# #甜美美甲[话题]# #手绘美甲[话题]##短甲[话题]# #渐变美甲[话题]##星星美甲[话题]# #波点美甲[话题]# #猫眼美甲[话题]##夏日美甲[话题]#,酷酷的木木子（穿戴甲上手）,2401,1821,6,8,206,1,https://www.xiaohongshu.com/explore/6a0b18b1000000003601e8e7?xsec_token=ABwI9RafyRRDQQdRpl8SZ0Bst0TaIZ-5FrOGmCB5piaB8=&xsec_source=pc_search,1,0,0,0,0,0,0,0,1,1,0,1,0,1,1,0,0,0
69d46328000000001d019b17,🌅油画感日出美甲｜把莫奈的黄昏画在指尖,"🌅油画感日出美甲｜把莫奈的黄昏画在指尖
这组日出美甲真的把氛围感焊在手上了✨
清透裸色打底，用油画笔触晕染出橙红落日、渐变海波，还有暖金色的阳光洒在海面的层次感，每一笔都像把莫奈画里的黄昏搬上了指甲！
不是那种厚重的彩绘，是清透到能透出本甲的通透感，温柔又高级，日常通勤、约会戴都完全不突兀，黄皮姐妹也能放心冲！
抬手就是一整个治愈住，仿佛把海边的浪漫日落时刻，随时带在身边🌊
不管是短甲还是中长甲都",甲片小馆,2338,2448,28,10,614,1,https://www.xiaohongshu.com/explore/69d46328000000001d019b17?xsec_token=ABeAhCgqBEbg4n9oL2zzq0m420NeHQwYFkmEZXYYNE8wY=&xsec_source=pc_search,1,0,0,1,1,1,0,0,0,0,0,1,0,1,0,0,0,0
69e61cf40000000021039197,甜美系｜蓝色小猫🐱,"#猫咪美甲[话题]# #蓝色系[话题]# #这么可爱的小猫咪谁不爱呢[话题]# #是谁说蓝色就等于忧伤[话题]# #冰蓝色[话题]# #蓝色治愈系[话题]# #水色[话题]# #有人喜欢蓝[话题]# #没人能拒绝猫猫[话题]# #蓝色美甲[话题]# 猫猫系列美甲～～～
业余美甲师，半个美术生
禁止盗图
立志做可以实现的简约可爱好看的猫猫美甲，缺点会持续改进
#猫咪美甲
想看什么美甲？扣评论区
关注",有福之猫猫,2226,1725,0,0,284,1,https://www.xiaohongshu.com/explore/69e61cf40000000021039197?xsec_token=ABxSPX2LspGT2Ka_sLqpT0mt8gkiovFgrLNWTN9qoWY38=&xsec_source=pc_search,0,0,0,0,0,0,0,0,0,0,0,0,0,0,0,0,0,0
6a12b1dc0000000035031abb,哇，玻璃珠猫眼好美💅,#美甲[话题]# #显白美甲[话题]# #氛围感美甲[话题]# #气质美甲[话题]# #美甲分享[话题]# #温柔美甲[话题]# #夏天美甲[话题]# #纯色美甲[话题]# #冰透色美甲[话题]# #裸色美甲[话题]#,MP,2117,1362,14,5,121,1,https://www.xiaohongshu.com/explore/6a12b1dc0000000035031abb?xsec_token=ABMElbeb2WS9GGDwtGGoxkCQPzkNi0AOdYazCML08Au_w=&xsec_source=pc_search,1,0,0,1,1,0,0,0,0,0,0,0,0,0,0,0,0,0
69fddad000000000360013de,终于做上了收藏很久的甜酷线条美甲💅,#星星美甲[话题]# #美甲[话题]# #猫咪美甲[话题]# #短甲推荐[话题]# #贴纸美甲[话题]# #美甲短甲[话题]# #短甲美甲[话题]# #短甲款式[话题]# #四芒星美甲[话题]# #蝴蝶结美甲[话题]#,梅烦恼🌸（接定制）,2353,1663,2,1,155,1,https://www.xiaohongshu.com/explore/69fddad000000000360013de?xsec_token=ABwXgvFWCNAWQRmz0kHPeh0Lw_0LxKUd8mDMHqjfNdz0s=&xsec_source=pc_search,0,0,0,0,0,0,0,0,0,0,0,0,0,0,1,0,0,0
69d8a2ba000000001a0253b1,快来get你的薄荷绿小猫！美甲,"#猫咪美甲[话题]# 猫猫系列美甲～～～
业余美甲师，半个美术生
禁止盗图
立志做可以实现的简约可爱好看的猫猫美甲，缺点会持续改进
#猫咪美甲
想看什么美甲？扣评论区
关注我分享更多美甲款式💅
蹲宝子们复刻哦",有福之猫猫,1979,1318,0,0,278,1,https://www.xiaohongshu.com/explore/69d8a2ba000000001a0253b1?xsec_token=ABHwEVtD-nD4ZGkc8FKX4-iH-b5OdWbBIX1t_QnIkq2G4=&xsec_source=pc_search,0,0,0,0,0,0,0,0,0,0,0,0,0,0,0,0,0,0
68c54c57000000001c0058e7,nail share｜油画感 莫奈的睡莲🌼✨🖼️🎨,"#超好看的美甲[话题]# #复古美甲[话题]# #艺术美甲[话题]#
#油画美甲[话题]# #显白美甲[话题]# #氛围感美甲[话题]#
#小众美甲[话题]# #ins风美甲[话题]# #仙女美甲[话题]# #爆闪美甲[话题]#",美甲小屋,1900,1908,24,5,462,1,https://www.xiaohongshu.com/explore/68c54c57000000001c0058e7?xsec_token=ABLpuw6o-qWxIOvYjDQw_MdmvpRedeRal85uQZTsTJWbo=&xsec_source=pc_search,0,0,0,1,1,1,1,0,0,1,0,0,0,0,0,0,0,0
69cdd931000000001a02264b,秀秀猫猫美甲：把童话画在指尖✨,"#猫咪美甲[话题]# 猫猫系列美甲～～～
业余美甲师，半个美术生
禁止盗图
立志做可以实现的简约可爱好看的猫猫美甲，缺点会持续改进
#猫咪美甲
想看什么美甲？扣评论区
关注我分享更多美甲款式💅
蹲宝子们复刻哦",有福之猫猫,1810,1332,0,0,218,1,https://www.xiaohongshu.com/explore/69cdd931000000001a02264b?xsec_token=ABXAgHd_BgMPdm0VwwpIrUupafjzPs9zZ69xCdq1aD7KY=&xsec_source=pc_search,0,0,0,0,0,0,0,0,0,0,0,0,0,0,0,0,0,0
69761054000000001a037e3f,满意的裸色猫眼美甲💅,"预约了美甲师但一直没确定下来要做的款式
图一和图二是我当场给美甲师的图[害羞R]
改成了裸色+简单的设计
但效果是意外的好看[萌萌哒R]
#美甲的尽头[话题]# #晒晒我的新美甲[话题]# #法式猫眼[话题]# #猫眼[话题]# #简约款美甲[话题]# #美甲日记[话题]# #日常通勤美甲[话题]# #上班族美甲[话题]# #裸色美甲[话题]# #裸色猫眼[话题]#",余情儿,1748,1353,9,5,551,1,https://www.xiaohongshu.com/explore/69761054000000001a037e3f?xsec_token=ABMBVJBORn2BRPwYNWXTXcbe2ABHREXQyDtGvU0ER44g0=&xsec_source=pc_search,0,0,0,0,0,0,0,1,1,0,0,0,0,0,0,0,0,0
69b69c3a0000000028009a19,今天的美甲是彩色的～🌈,#美甲配色[话题]# #美甲控[话题]# #指甲贴[话题]# #短指甲做起来也好看[话题]# #美甲贴[话题]# #短款穿戴甲[话题]# #diy美甲[话题]# #糖果色美甲[话题]# #可爱小短甲[话题]#,美甲笺✨,1711,1960,28,5,216,1,https://www.xiaohongshu.com/explore/69b69c3a0000000028009a19?xsec_token=AB30Lq5lsVGWl_JPSsX9Xm84uiVYo9KGY21dqQmbD8NUk=&xsec_source=pc_search,0,0,0,0,0,0,0,0,0,0,0,0,0,0,1,1,1,0
