评论ID,帖子ID,评论内容,IP属地,评论时间
68ec704e00000000330275da,68e8aa600000000003035e44,[哇R]木柯诗修容盘,湖北,1760325711000
68f43e7400000000330252e4,68e8aa600000000003035e44,手黑合适嘛,浙江,1760837236000
69a14a780000000008033b6c,68e8aa600000000003035e44,谆嘟好美今天才做,湖北,1772178045000
6963a932000000000600ce34,68e8aa600000000003035e44,已做，有一点点翻车,广东,1768139060000
698211910000000006032b36,68e8aa600000000003035e44,感觉有点翻车[笑哭R],广东,1770131859000
683daba0000000000b02e8a8,683d7a4200000000230168d1,吼吼看！！蹲一个猫眼的色号[皱眉R],浙江,1748872096000
68766b80000000001100c8c6,683d7a4200000000230168d1,超级好看！做完才发现无名指应该是透明的哈哈，不过都很好看。我指甲太小啦，就减了好几个钻,福建,1752591234000
6873dfbe00000000130341ab,683d7a4200000000230168d1,没有你那个色[哭惹R],中国香港,1752424385000
68a83b3400000000300315ef,683d7a4200000000230168d1,做了,湖北,1755855670000
68d893b600000000010128e9,683d7a4200000000230168d1,方形版,重庆,1759024055000
69f9728f000000002803c4c9,69e89cc70000000022000253,返图,山东,1777955473000
6a0f06e5000000002901116c,69e89cc70000000022000253,交作业[派对R],广东,1779369705000
69ff45920000000027014953,69e89cc70000000022000253,来返图啦，今晚刚去美甲店做的,浙江,1778337175000
6a049c55000000002900e6f6,69e89cc70000000022000253,今天刚做的[doge],广东,1778687064000
69f590330000000029034a3e,69e89cc70000000022000253,像不像？[萌萌哒R],广东,1777700917000
6a16671a000000002803c3b6,687cbd4400000000120319eb,60做的，总感觉哪里怪怪的,浙江,1779853086000
6886eae600000000020191ac,687cbd4400000000120319eb,我花了80很满意了，加建构,浙江,1753672425000
68cba169000000000b015ca6,687cbd4400000000120319eb,你们都做多少？？288合理吗我去了,上海,1758175595000
68e7cb0d0000000033006c38,687cbd4400000000120319eb,,贵州,1760021265000
695471740000000014037537,687cbd4400000000120319eb,这一样吗？家人们，感觉好奇怪啊[哭惹R][哭惹R],北京,1767141750000
684f86a60000000020025414,683122f8000000000303f81c,宝宝们消息太多了我没注意到捏，想看原帖的我粘在下面了,北京,1750042278000
6832f7c2000000000d01643b,683122f8000000000303f81c,刚刚做完1[黄金薯R],广东,1748170693000
68415544000000000b02d220,683122f8000000000303f81c,宝宝们哪个不会太显黑[哭惹R],四川,1749112159000
68400ec8000000000b014f00,683122f8000000000303f81c,照着第一幅做的,广东,1749028555000
683ed84b000000000103e46b,683122f8000000000303f81c,168值嘛不玻璃心[害羞R],福建,1748949068000
6871250d000000000f03c14d,682094020000000022037424,穿。戴。甲在这儿@🉑爱kai~ 『美甲』纯手工制作画布油画｜,上海,1752245517000
68249751000000000b01e04e,682094020000000022037424,能做成穿戴甲吗[心心眼R],广东,1747228498000
6823fc270000000007028a80,682094020000000022037424,这种看起来好看，应该不太难做吧,北京,1747188775000
68441db9000000000702acfa,682094020000000022037424,交作业啦！！！非常满意！！！！,贵州,1749294527000
6842b2ae0000000007036858,682094020000000022037424,喜欢，真喜欢[害羞R],山东,1749201588000
69bba32a000000000103c963,6886511f0000000015020ee4,感觉有点像诶 后天去做这个！,河南,1773904685000
697f7470000000000800d725,6886511f0000000015020ee4,超级好看[派对R],福建,1769960574000
6a191dac000000002901bacd,6886511f0000000015020ee4,星星是贴纸还是手绘的呀,北京,1780030893000
68b3f1b7000000000b02c9b5,6886511f0000000015020ee4,刚做的,河北,1756623291000
6a19145d000000002903521f,6886511f0000000015020ee4,超级无敌好看，就是有点拍不出来,云南,1780028511000
68f1f21500000000380245c0,68e866ec000000000302e4d2,建模手[哭惹R][哭惹R][哭惹R],浙江,1760686613000
68e99b3a0000000037011044,68e866ec000000000302e4d2,,江苏,1760140092000
68f78b520000000039024f89,68e866ec000000000302e4d2,有没有上蓝下粉的[哇R],江西,1761053522000
68e92ccb000000003901cac8,68e866ec000000000302e4d2,[哭惹R][哭惹R][哭惹R],湖南,1760111822000
68f33150000000003900971c,68e866ec000000000302e4d2,你好，送胶跟工具嘛[害羞R],河南,1760768337000
68ec704e00000000330275da,68e8aa600000000003035e44,[哇R]木柯诗修容盘,湖北,1760325711000
6975e7b1000000000600d469,68e8aa600000000003035e44,手有点黑[笑哭R],江苏,1769334709000
68f639df00000000370256eb,68e8aa600000000003035e44,怎么感觉有点亮朋友们,重庆,1760967138000
6963a932000000000600ce34,68e8aa600000000003035e44,已做，有一点点翻车,广东,1768139060000
69a14a780000000008033b6c,68e8aa600000000003035e44,谆嘟好美今天才做,湖北,1772178045000
68502d7b000000000900eed4,684fe33e0000000012000b47,没找到这个链接,福建,1750084988000
69089baa0000000039028885,684fe33e0000000012000b47,天，太好看了我要做,江苏,1762171819000
6851275d00000000200278b1,684fe33e0000000012000b47,蹲蹲色号，踢我踢我[害羞R],江苏,1750148958000
6850e2de0000000020027246,684fe33e0000000012000b47,有没有教程 我要拿去给美甲师,陕西,1750131422000
684ff6940000000020011061,684fe33e0000000012000b47,色号,北京,1750070933000
683daba0000000000b02e8a8,683d7a4200000000230168d1,吼吼看！！蹲一个猫眼的色号[皱眉R],浙江,1748872096000
685c1526000000000c015d9d,683d7a4200000000230168d1,真的好好看[赞R],北京,1750865191000
68982679000000002a0191e5,683d7a4200000000230168d1,交作业  太好看啦[害羞R],江苏,1754801789000
68d893b600000000010128e9,683d7a4200000000230168d1,方形版,重庆,1759024055000
6857b65d000000000401d78d,683d7a4200000000230168d1,短短的多巴胺,四川,1750578783000
69f9728f000000002803c4c9,69e89cc70000000022000253,返图,山东,1777955473000
69ff45920000000027014953,69e89cc70000000022000253,来返图啦，今晚刚去美甲店做的,浙江,1778337175000
69f590330000000029034a3e,69e89cc70000000022000253,像不像？[萌萌哒R],广东,1777700917000
6a049c55000000002900e6f6,69e89cc70000000022000253,今天刚做的[doge],广东,1778687064000
6a0f06e5000000002901116c,69e89cc70000000022000253,交作业[派对R],广东,1779369705000
69d4d8780000000015017f5e,69c23c1700000000200397f1,翻车了吗姐妹们,河北,1775556735000
69db3b0300000000020293ac,69c23c1700000000200397f1,我已经翻车了[哭惹R],四川,1775975171000
69cd512f000000000203794c,69c23c1700000000200397f1,打卡[害羞R],江苏,1775063356000
69ce246300000000140081fe,69c23c1700000000200397f1,有时候真的想笑,陕西,1775117414000
69ce0ee4000000000f01c208,69c23c1700000000200397f1,已做,安徽,1775111912000
684f86a60000000020025414,683122f8000000000303f81c,宝宝们消息太多了我没注意到捏，想看原帖的我粘在下面了,北京,1750042278000
6832f7c2000000000d01643b,683122f8000000000303f81c,刚刚做完1[黄金薯R],广东,1748170693000
683ed84b000000000103e46b,683122f8000000000303f81c,168值嘛不玻璃心[害羞R],福建,1748949068000
68400ec8000000000b014f00,683122f8000000000303f81c,照着第一幅做的,广东,1749028555000
68415544000000000b02d220,683122f8000000000303f81c,宝宝们哪个不会太显黑[哭惹R],四川,1749112159000
6871250d000000000f03c14d,682094020000000022037424,穿。戴。甲在这儿@🉑爱kai~ 『美甲』纯手工制作画布油画｜,上海,1752245517000
68249751000000000b01e04e,682094020000000022037424,能做成穿戴甲吗[心心眼R],广东,1747228498000
6823fc270000000007028a80,682094020000000022037424,这种看起来好看，应该不太难做吧,北京,1747188775000
6829e172000000000900cba6,682094020000000022037424,出了吗！,浙江,1747575155000
686681ab00000000200237ae,682094020000000022037424,天啊，家人们好看死了，遇到靠谱的美甲师真的爽翻,上海,1751548332000
69bba32a000000000103c963,6886511f0000000015020ee4,感觉有点像诶 后天去做这个！,河南,1773904685000
697f7470000000000800d725,6886511f0000000015020ee4,超级好看[派对R],福建,1769960574000
6a191dac000000002901bacd,6886511f0000000015020ee4,星星是贴纸还是手绘的呀,北京,1780030893000
69cd0773000000000103dc25,6886511f0000000015020ee4,HH很好看！[飞吻R][飞吻R][害羞R],广西,1775044473000
6a19145d000000002903521f,6886511f0000000015020ee4,超级无敌好看，就是有点拍不出来,云南,1780028511000
68e99b3a0000000037011044,68e866ec000000000302e4d2,,江苏,1760140092000
68e92ccb000000003901cac8,68e866ec000000000302e4d2,[哭惹R][哭惹R][哭惹R],湖南,1760111822000
68ecf84f000000003803ecef,68e866ec000000000302e4d2,,广东,1760360532000
697dafcc000000000601cc69,68e866ec000000000302e4d2,不是很好[哭惹R][哭惹R][哭惹R],宁夏,1769844689000
68f338d30000000038031d72,68e866ec000000000302e4d2,不错，值这个价,河南,1760770262000
69f4ba82000000002803049d,6688df8c000000000a0246b3,2个笔记同款商品 穿戴甲链接，图片是本甲，甲型麻烦看宝贝详情备注,浙江,1777646210000
669105450000000016025966,6688df8c000000000a0246b3,这个星星怎么弄的,甘肃,1720780101000
669500990000000005021f26,6688df8c000000000a0246b3,,福建,1721041051000
668b4e190000000017012425,6688df8c000000000a0246b3,我天现实图真的可以有这么好看吗[皱眉R],河南,1720405529000
679e43cc000000002003a877,6688df8c000000000a0246b3,58  打算五号做这个[害羞R],广西,1738425292000
6985bdd10000000003011463,694215f5000000001e028258,110的成品来了,江西,1770372563000
696ba0a3000000000f00c0f8,694215f5000000001e028258,美甲师给我的[捂脸R],贵州,1768661159000
69aa353600000000040026e2,694215f5000000001e028258,昨天做的，来交作业了,湖南,1772762424000
69b1857f000000000f00cd00,694215f5000000001e028258,美甲师很重要,湖南,1773241729000
6a18f47f000000002803af51,694215f5000000001e028258,做这个可以拍婚纱照吗？,江苏,1780020351000
68ebafbd000000003902bbc6,68ea1aaa000000000401595c,觉得手白 可以 或者光线好点  我这指甲短 只能说还可以,安徽,1760276430000
6a17d7f60000000029034801,68ea1aaa000000000401595c,,重庆,1779947512000
6986be6e000000000c0157d6,68ea1aaa000000000401595c,,四川,1770438256000
68ede65f000000003800f438,68ea1aaa000000000401595c,,北京,1760421473000
6996cb4c000000000b034b25,68ea1aaa000000000401595c,海底捞还是可以的！[偷笑R][偷笑R],福建,1771490135000
68ec704e00000000330275da,68e8aa600000000003035e44,[哇R]木柯诗修容盘,湖北,1760325711000
69a14a780000000008033b6c,68e8aa600000000003035e44,谆嘟好美今天才做,湖北,1772178045000
6a19319a000000002702fa95,68e8aa600000000003035e44,指甲太短了,重庆,1780035996000
696474e50000000019002377,68e8aa600000000003035e44,这算翻车还是成功呢？,山东,1768191211000
698db5730000000004000f74,68e8aa600000000003035e44,真的很暗,广东,1770894708000
683daba0000000000b02e8a8,683d7a4200000000230168d1,吼吼看！！蹲一个猫眼的色号[皱眉R],浙江,1748872096000
68a5d589000000002603aee3,683d7a4200000000230168d1,刚做的！,江西,1755698571000
684575640000000009017b05,683d7a4200000000230168d1,尊好看,上海,1749382500000
687a6fea0000000002018e4a,683d7a4200000000230168d1,两只手是一样的嘛[害羞R],河北,1752854507000
68620a090000000020010702,683d7a4200000000230168d1,,甘肃,1751255562000
69f9728f000000002803c4c9,69e89cc70000000022000253,返图,山东,1777955473000
69ff45920000000027014953,69e89cc70000000022000253,来返图啦，今晚刚去美甲店做的,浙江,1778337175000
6a049c55000000002900e6f6,69e89cc70000000022000253,今天刚做的[doge],广东,1778687064000
6a0f06e5000000002901116c,69e89cc70000000022000253,交作业[派对R],广东,1779369705000
69f590330000000029034a3e,69e89cc70000000022000253,像不像？[萌萌哒R],广东,1777700917000
68ec704e00000000330275da,68e8aa600000000003035e44,[哇R]木柯诗修容盘,湖北,1760325711000
696474e50000000019002377,68e8aa600000000003035e44,这算翻车还是成功呢？,山东,1768191211000
6a19319a000000002702fa95,68e8aa600000000003035e44,指甲太短了,重庆,1780035996000
69a14a780000000008033b6c,68e8aa600000000003035e44,谆嘟好美今天才做,湖北,1772178045000
690c6529000000003901e9ba,68e8aa600000000003035e44,成了,辽宁,1762420012000
683daba0000000000b02e8a8,683d7a4200000000230168d1,吼吼看！！蹲一个猫眼的色号[皱眉R],浙江,1748872096000
6846e217000000000b02e7b2,683d7a4200000000230168d1,这是直接做的本甲吗,山东,1749475863000
68a5d589000000002603aee3,683d7a4200000000230168d1,刚做的！,江西,1755698571000
684a1465000000001c036fed,683d7a4200000000230168d1,做建构了吗,陕西,1749685349000
6865490f000000000c026711,683d7a4200000000230168d1,无名指是猫眼吗！！,湖北,1751468303000
69f9728f000000002803c4c9,69e89cc70000000022000253,返图,山东,1777955473000
6a0f06e5000000002901116c,69e89cc70000000022000253,交作业[派对R],广东,1779369705000
6a049c55000000002900e6f6,69e89cc70000000022000253,今天刚做的[doge],广东,1778687064000
69ff45920000000027014953,69e89cc70000000022000253,来返图啦，今晚刚去美甲店做的,浙江,1778337175000
69f590330000000029034a3e,69e89cc70000000022000253,像不像？[萌萌哒R],广东,1777700917000
6a16671a000000002803c3b6,687cbd4400000000120319eb,60做的，总感觉哪里怪怪的,浙江,1779853086000
6886eae600000000020191ac,687cbd4400000000120319eb,我花了80很满意了，加建构,浙江,1753672425000
68cba169000000000b015ca6,687cbd4400000000120319eb,你们都做多少？？288合理吗我去了,上海,1758175595000
68e7cb0d0000000033006c38,687cbd4400000000120319eb,,贵州,1760021265000
6973a991000000000f02b1b6,687cbd4400000000120319eb,"99.9就拿这个图做的,直吗",贵州,1769187732000
6964a2b7000000000f02d998,69095f35000000000302f457,超级好看！,黑龙江,1768202937000
693486a1000000001403dd37,69095f35000000000302f457,昨天刚做的美甲💅,美国,1765050027000
69412116000000001d0247f2,69095f35000000000302f457,有色差，但它只要49[害羞R],江苏,1765875995000
69241d2e000000001d027dae,69095f35000000000302f457,超美[飞吻R],安徽,1763974447000
6928502e000000003800f7cd,69095f35000000000302f457,嘎嘎好看啊,辽宁,1764249649000
684f86a60000000020025414,683122f8000000000303f81c,宝宝们消息太多了我没注意到捏，想看原帖的我粘在下面了,北京,1750042278000
6832f7c2000000000d01643b,683122f8000000000303f81c,刚刚做完1[黄金薯R],广东,1748170693000
68400ec8000000000b014f00,683122f8000000000303f81c,照着第一幅做的,广东,1749028555000
683ed84b000000000103e46b,683122f8000000000303f81c,168值嘛不玻璃心[害羞R],福建,1748949068000
68415544000000000b02d220,683122f8000000000303f81c,宝宝们哪个不会太显黑[哭惹R],四川,1749112159000
6871250d000000000f03c14d,682094020000000022037424,穿。戴。甲在这儿@🉑爱kai~ 『美甲』纯手工制作画布油画｜,上海,1752245517000
68249751000000000b01e04e,682094020000000022037424,能做成穿戴甲吗[心心眼R],广东,1747228498000
6823fc270000000007028a80,682094020000000022037424,这种看起来好看，应该不太难做吧,北京,1747188775000
686681ab00000000200237ae,682094020000000022037424,天啊，家人们好看死了，遇到靠谱的美甲师真的爽翻,上海,1751548332000
6829e172000000000900cba6,682094020000000022037424,出了吗！,浙江,1747575155000
69bba32a000000000103c963,6886511f0000000015020ee4,感觉有点像诶 后天去做这个！,河南,1773904685000
697f7470000000000800d725,6886511f0000000015020ee4,超级好看[派对R],福建,1769960574000
6a191dac000000002901bacd,6886511f0000000015020ee4,星星是贴纸还是手绘的呀,北京,1780030893000
69cd0773000000000103dc25,6886511f0000000015020ee4,HH很好看！[飞吻R][飞吻R][害羞R],广西,1775044473000
6a19145d000000002903521f,6886511f0000000015020ee4,超级无敌好看，就是有点拍不出来,云南,1780028511000
68f78b520000000039024f89,68e866ec000000000302e4d2,有没有上蓝下粉的[哇R],江西,1761053522000
68f338d30000000038031d72,68e866ec000000000302e4d2,不错，值这个价,河南,1760770262000
68e92ccb000000003901cac8,68e866ec000000000302e4d2,[哭惹R][哭惹R][哭惹R],湖南,1760111822000
68ecf84f000000003803ecef,68e866ec000000000302e4d2,,广东,1760360532000
68f1e9400000000038004f43,68e866ec000000000302e4d2,怎么确定尺寸呢,海南,1760684353000
69cce5020000000001005592,69a152e5000000002602c955,刚做完,辽宁,1775035657000
69be2bad000000000202a1b0,69a152e5000000002602c955,,北京,1774070705000
69b15db6000000000f02c5df,69a152e5000000002602c955,好看,广东,1773231547000
69cd381a000000000d037686,69a152e5000000002602c955,很好 不做不死心 做了心就死了,浙江,1775056954000
69cb11f0000000000c031194,69a152e5000000002602c955,做了,浙江,1774916123000
696ba0a3000000000f00c0f8,694215f5000000001e028258,美甲师给我的[捂脸R],贵州,1768661159000
69b1857f000000000f00cd00,694215f5000000001e028258,美甲师很重要,湖南,1773241729000
69c5c90100000000020342d6,694215f5000000001e028258,总感觉哪里不对劲,海南,1774569732000
69aa353600000000040026e2,694215f5000000001e028258,昨天做的，来交作业了,湖南,1772762424000
6a18f47f000000002803af51,694215f5000000001e028258,做这个可以拍婚纱照吗？,江苏,1780020351000
68ebafbd000000003902bbc6,68ea1aaa000000000401595c,觉得手白 可以 或者光线好点  我这指甲短 只能说还可以,安徽,1760276430000
6a17d7f60000000029034801,68ea1aaa000000000401595c,,重庆,1779947512000
697d6bd4000000001501500f,68ea1aaa000000000401595c,,湖南,1769827287000
6986be6e000000000c0157d6,68ea1aaa000000000401595c,,四川,1770438256000
691b36f60000000038011ed8,68ea1aaa000000000401595c,,江西,1763391227000
68ec704e00000000330275da,68e8aa600000000003035e44,[哇R]木柯诗修容盘,湖北,1760325711000
696474e50000000019002377,68e8aa600000000003035e44,这算翻车还是成功呢？,山东,1768191211000
6a19319a000000002702fa95,68e8aa600000000003035e44,指甲太短了,重庆,1780035996000
69a14a780000000008033b6c,68e8aa600000000003035e44,谆嘟好美今天才做,湖北,1772178045000
69115875000000003803dea8,68e8aa600000000003035e44,有穿戴甲嘛[萌萌哒R],山东,1762744437000
68502d7b000000000900eed4,684fe33e0000000012000b47,没找到这个链接,福建,1750084988000
69089baa0000000039028885,684fe33e0000000012000b47,天，太好看了我要做,江苏,1762171819000
68512068000000000901690a,684fe33e0000000012000b47,我的天，这个猫眼哪怕显手黑我都愿意做,辽宁,1750147176000
6850e2de0000000020027246,684fe33e0000000012000b47,有没有教程 我要拿去给美甲师,陕西,1750131422000
685162c9000000000d016762,684fe33e0000000012000b47,是01还是02呢,广东,1750164169000
683daba0000000000b02e8a8,683d7a4200000000230168d1,吼吼看！！蹲一个猫眼的色号[皱眉R],浙江,1748872096000
687a6fea0000000002018e4a,683d7a4200000000230168d1,两只手是一样的嘛[害羞R],河北,1752854507000
68400493000000000103d5b3,683d7a4200000000230168d1,星星是贴的嘛[皱眉R],江苏,1749025939000
685de061000000002000f505,683d7a4200000000230168d1,,浙江,1750982755000
6841b614000000000d015ca0,683d7a4200000000230168d1,好好看[哇R],广东,1749136916000
69f9728f000000002803c4c9,69e89cc70000000022000253,返图,山东,1777955473000
69ff45920000000027014953,69e89cc70000000022000253,来返图啦，今晚刚去美甲店做的,浙江,1778337175000
69f590330000000029034a3e,69e89cc70000000022000253,像不像？[萌萌哒R],广东,1777700917000
6a049c55000000002900e6f6,69e89cc70000000022000253,今天刚做的[doge],广东,1778687064000
6a0f06e5000000002901116c,69e89cc70000000022000253,交作业[派对R],广东,1779369705000
6a16671a000000002803c3b6,687cbd4400000000120319eb,60做的，总感觉哪里怪怪的,浙江,1779853086000
6886eae600000000020191ac,687cbd4400000000120319eb,我花了80很满意了，加建构,浙江,1753672425000
68cba169000000000b015ca6,687cbd4400000000120319eb,你们都做多少？？288合理吗我去了,上海,1758175595000
68e7cb0d0000000033006c38,687cbd4400000000120319eb,,贵州,1760021265000
695471740000000014037537,687cbd4400000000120319eb,这一样吗？家人们，感觉好奇怪啊[哭惹R][哭惹R],北京,1767141750000
693486a1000000001403dd37,69095f35000000000302f457,昨天刚做的美甲💅,美国,1765050027000
6964a2b7000000000f02d998,69095f35000000000302f457,超级好看！,黑龙江,1768202937000
690b372d000000003900acd9,69095f35000000000302f457,看我的,辽宁,1762342704000
691158320000000037013eec,69095f35000000000302f457,我做的 178+建构,湖南,1762744372000
691c289e000000000601a0db,69095f35000000000302f457,！！！！！[捂脸R][捂脸R][捂脸R][捂脸R],广东,1763453090000
6871250d000000000f03c14d,682094020000000022037424,穿。戴。甲在这儿@🉑爱kai~ 『美甲』纯手工制作画布油画｜,上海,1752245517000
68249751000000000b01e04e,682094020000000022037424,能做成穿戴甲吗[心心眼R],广东,1747228498000
6823fc270000000007028a80,682094020000000022037424,这种看起来好看，应该不太难做吧,北京,1747188775000
685e59680000000020012bcb,682094020000000022037424,超美,江苏,1751013737000
6826b5a1000000000303524c,682094020000000022037424,我之前做过一个春夏版的，但涂鸦没有这么细致，更随意一些，你这个好好看啊！,内蒙古,1747367332000
68e92ccb000000003901cac8,68e866ec000000000302e4d2,[哭惹R][哭惹R][哭惹R],湖南,1760111822000
68f338d30000000038031d72,68e866ec000000000302e4d2,不错，值这个价,河南,1760770262000
68f8315200000000330222ce,68e866ec000000000302e4d2,omg 好米！美甲贴片操作有技术要求吗 手残党哭哭[哭惹R],四川,1761096018000
68f78b520000000039024f89,68e866ec000000000302e4d2,有没有上蓝下粉的[哇R],江西,1761053522000
68ea5bf60000000038013315,68e866ec000000000302e4d2,能不能弄款红色和紫色啊,浙江,1760189430000
696ba0a3000000000f00c0f8,694215f5000000001e028258,美甲师给我的[捂脸R],贵州,1768661159000
69aa353600000000040026e2,694215f5000000001e028258,昨天做的，来交作业了,湖南,1772762424000
69b1857f000000000f00cd00,694215f5000000001e028258,美甲师很重要,湖南,1773241729000
69c5c90100000000020342d6,694215f5000000001e028258,总感觉哪里不对劲,海南,1774569732000
6a18f47f000000002803af51,694215f5000000001e028258,做这个可以拍婚纱照吗？,江苏,1780020351000
68ebafbd000000003902bbc6,68ea1aaa000000000401595c,觉得手白 可以 或者光线好点  我这指甲短 只能说还可以,安徽,1760276430000
6a17d7f60000000029034801,68ea1aaa000000000401595c,,重庆,1779947512000
691b36f60000000038011ed8,68ea1aaa000000000401595c,,江西,1763391227000
6986be6e000000000c0157d6,68ea1aaa000000000401595c,,四川,1770438256000
68ede65f000000003800f438,68ea1aaa000000000401595c,,北京,1760421473000
68ec704e00000000330275da,68e8aa600000000003035e44,[哇R]木柯诗修容盘,湖北,1760325711000
696474e50000000019002377,68e8aa600000000003035e44,这算翻车还是成功呢？,山东,1768191211000
6a19319a000000002702fa95,68e8aa600000000003035e44,指甲太短了,重庆,1780035996000
698db5730000000004000f74,68e8aa600000000003035e44,真的很暗,广东,1770894708000
6975e7b1000000000600d469,68e8aa600000000003035e44,手有点黑[笑哭R],江苏,1769334709000
683daba0000000000b02e8a8,683d7a4200000000230168d1,吼吼看！！蹲一个猫眼的色号[皱眉R],浙江,1748872096000
68620a090000000020010702,683d7a4200000000230168d1,,甘肃,1751255562000
689c75ec000000002700f4d8,683d7a4200000000230168d1,来交作业啦,广东,1755084269000
684432b5000000000900c3ad,683d7a4200000000230168d1,去海边去海边！！！！！,福建,1749299894000
68724f6400000000090177b1,683d7a4200000000230168d1,没有一样的色号，但是还是好看的[害羞R][害羞R][害羞R],四川,1752321894000
69f9728f000000002803c4c9,69e89cc70000000022000253,返图,山东,1777955473000
69ff45920000000027014953,69e89cc70000000022000253,来返图啦，今晚刚去美甲店做的,浙江,1778337175000
6a049c55000000002900e6f6,69e89cc70000000022000253,今天刚做的[doge],广东,1778687064000
69f590330000000029034a3e,69e89cc70000000022000253,像不像？[萌萌哒R],广东,1777700917000
6a0f06e5000000002901116c,69e89cc70000000022000253,交作业[派对R],广东,1779369705000
6a16671a000000002803c3b6,687cbd4400000000120319eb,60做的，总感觉哪里怪怪的,浙江,1779853086000
6886eae600000000020191ac,687cbd4400000000120319eb,我花了80很满意了，加建构,浙江,1753672425000
68cba169000000000b015ca6,687cbd4400000000120319eb,你们都做多少？？288合理吗我去了,上海,1758175595000
68e7cb0d0000000033006c38,687cbd4400000000120319eb,,贵州,1760021265000
688f4073000000002b01db09,687cbd4400000000120319eb,做了，59元坐标杭州,江西,1754218616000
6964a2b7000000000f02d998,69095f35000000000302f457,超级好看！,黑龙江,1768202937000
693486a1000000001403dd37,69095f35000000000302f457,昨天刚做的美甲💅,美国,1765050027000
690b372d000000003900acd9,69095f35000000000302f457,看我的,辽宁,1762342704000
692c68190000000038016b34,69095f35000000000302f457,140值不值？,广东,1764517915000
691158320000000037013eec,69095f35000000000302f457,我做的 178+建构,湖南,1762744372000
68f78b520000000039024f89,68e866ec000000000302e4d2,有没有上蓝下粉的[哇R],江西,1761053522000
68e99b3a0000000037011044,68e866ec000000000302e4d2,,江苏,1760140092000
68e92ccb000000003901cac8,68e866ec000000000302e4d2,[哭惹R][哭惹R][哭惹R],湖南,1760111822000
68f338d30000000038031d72,68e866ec000000000302e4d2,不错，值这个价,河南,1760770262000
68ecf84f000000003803ecef,68e866ec000000000302e4d2,,广东,1760360532000
69cce5020000000001005592,69a152e5000000002602c955,刚做完,辽宁,1775035657000
69be2bad000000000202a1b0,69a152e5000000002602c955,,北京,1774070705000
69cd381a000000000d037686,69a152e5000000002602c955,很好 不做不死心 做了心就死了,浙江,1775056954000
69b15db6000000000f02c5df,69a152e5000000002602c955,好看,广东,1773231547000
69c55fb2000000001500a6cf,69a152e5000000002602c955,五个小时[哭惹R],贵州,1774542798000
69f4ba82000000002803049d,6688df8c000000000a0246b3,2个笔记同款商品 穿戴甲链接，图片是本甲，甲型麻烦看宝贝详情备注,浙江,1777646210000
668e547d0000000005039cd1,6688df8c000000000a0246b3,花140做的 想报警,四川,1720603774000
669105450000000016025966,6688df8c000000000a0246b3,这个星星怎么弄的,甘肃,1720780101000
669500990000000005021f26,6688df8c000000000a0246b3,,福建,1721041051000
67ff0c9a000000001202317c,6688df8c000000000a0246b3,家人们现实的话这款雾面还是亮面好看呢[哭惹R][哭惹R],广东,1744768154000
696ba0a3000000000f00c0f8,694215f5000000001e028258,美甲师给我的[捂脸R],贵州,1768661159000
69b1857f000000000f00cd00,694215f5000000001e028258,美甲师很重要,湖南,1773241729000
696f43e20000000009037761,694215f5000000001e028258,,四川,1768899560000
69c5c90100000000020342d6,694215f5000000001e028258,总感觉哪里不对劲,海南,1774569732000
6a18f47f000000002803af51,694215f5000000001e028258,做这个可以拍婚纱照吗？,江苏,1780020351000
69ac320a000000001601576f,69a7d3fe00000000150208f2,,山东,1772892684000
69f9f88200000000270142ca,69a7d3fe00000000150208f2,好美[派对R][派对R][派对R]都去做,天津,1777989765000
69d1c9040000000015016c97,69a7d3fe00000000150208f2,做了！,四川,1775356167000
6a18dd19000000002702a88e,69a7d3fe00000000150208f2,以这个为参考做的[萌萌哒R],上海,1780014362000
69ef79780000000027029ad3,69a7d3fe00000000150208f2,心动—拥有[害羞R],云南,1777301882000
68d16d0f000000000b01d88d,68c7b87f000000001c011019,这个对于美甲师来说难不难呀？,安徽,1758555408000
68c7d30e0000000030021212,68c7b87f000000001c011019,谁家的啊[派对R],河北,1757926159000
68ce3eeb00000000300102bc,68c7b87f000000001c011019,这款先猫眼还是先渐变呢？,河北,1758346987000
68ca7afe000000003001dab7,68c7b87f000000001c011019,p1是必须本甲嘛？指甲短可以贴甲片吗,四川,1758100223000
68c7be12000000000a00e526,68c7b87f000000001c011019,我收藏了我去问问天津哪里能做[偷笑R][暗中观察R],天津,1757920787000
68c41edd000000003001c10d,68b95c80000000001b037c74,刚做,湖南,1757683424000
6921d731000000003800a011,68b95c80000000001b037c74,[哭惹R]一点都不还原,辽宁,1763825460000
68cd14a200000000020140b9,68b95c80000000001b037c74,,安徽,1758270629000
68bcce4a000000003001551e,68b95c80000000001b037c74,请问这个是做了建构的吗？还是没有做啊？,广东,1757204042000
68ff334c0000000039020c1a,68b95c80000000001b037c74,刚做,贵州,1761555278000
697c915c0000000004000928,6895f7580000000023039150,89[doge],辽宁,1769771383000
689a8afd000000002b02e253,6895f7580000000023039150,有细节图吗？,四川,1754958590000
68ce74aa000000000b0267bd,6895f7580000000023039150,[笑哭R]我做出来的188,广东,1758360755000
68d88870000000001a026694,6895f7580000000023039150,180[哭惹R],山东,1759021187000
689c2324000000003001da2d,6895f7580000000023039150,昨天拿这个图去做的，然后就得到了不太一样但是也还算好看的美甲,江苏,1755063079000
697b20c80000000018023219,68bfc7a8000000001d01a48e,这个属于简单款还是复杂款呀？,吉林,1769677000000
68de9b2e000000003803f074,68bfc7a8000000001d01a48e,贴的还是画的[呃R],广东,1759419182000
695dbb70000000001600c226,68bfc7a8000000001d01a48e,求细节图宝宝,山东,1767750513000
69705f29000000000800c504,68bfc7a8000000001d01a48e,求细节图[皱眉R],广东,1768972074000
69686fdc000000000c016532,68bfc7a8000000001d01a48e,求细节图,广西,1768452061000
6a03c8e80000000027016349,69cb7599000000001d01f980,我的美甲师复刻出来了,广西,1778632939000
69cd0d920000000001007664,69cb7599000000001d01f980,图一太心动了[笑哭R][笑哭R]，做个图一怎么样哇,重庆,1775046035000
69f8d70e000000002803af3c,69cb7599000000001d01f980,图一做啦  我觉得效果还不错耶,新疆,1777915666000
69db9bc0000000003502dd27,69cb7599000000001d01f980,刚做了图1，觉得还不错,福建,1775999938000
69d0c556000000000202bec1,69cb7599000000001d01f980,我自己做的，可以给点建议吗[笑哭R],上海,1775289692000
67811beb000000001b03565d,6778f0d40000000013018463,好漂亮😍😍能不能出穿戴甲呀？[派对R][害羞R],广西,1736514540000
67ee036c000000001f006fa2,6778f0d40000000013018463,有没有无滤镜的,福建,1743651693000
68920bd200000000290281ec,6778f0d40000000013018463,自己做的好闪[微笑R],广西,1754401748000
677a710200000000110324c6,6778f0d40000000013018463,好好看哦 能不能做穿戴甲[哭惹R],浙江,1736077571000
67813db7000000001b03f4eb,6778f0d40000000013018463,感觉做我手上会很显手黑[哭惹R],天津,1736523192000
68ec704e00000000330275da,68e8aa600000000003035e44,[哇R]木柯诗修容盘,湖北,1760325711000
696474e50000000019002377,68e8aa600000000003035e44,这算翻车还是成功呢？,山东,1768191211000
69a14a780000000008033b6c,68e8aa600000000003035e44,谆嘟好美今天才做,湖北,1772178045000
690c6529000000003901e9ba,68e8aa600000000003035e44,成了,辽宁,1762420012000
6975e7b1000000000600d469,68e8aa600000000003035e44,手有点黑[笑哭R],江苏,1769334709000
683daba0000000000b02e8a8,683d7a4200000000230168d1,吼吼看！！蹲一个猫眼的色号[皱眉R],浙江,1748872096000
6847df1c000000000b01473f,683d7a4200000000230168d1,好好看,内蒙古,1749540636000
68724f6400000000090177b1,683d7a4200000000230168d1,没有一样的色号，但是还是好看的[害羞R][害羞R][害羞R],四川,1752321894000
68982679000000002a0191e5,683d7a4200000000230168d1,交作业  太好看啦[害羞R],江苏,1754801789000
68400493000000000103d5b3,683d7a4200000000230168d1,星星是贴的嘛[皱眉R],江苏,1749025939000
69f9728f000000002803c4c9,69e89cc70000000022000253,返图,山东,1777955473000
69ff45920000000027014953,69e89cc70000000022000253,来返图啦，今晚刚去美甲店做的,浙江,1778337175000
6a0f06e5000000002901116c,69e89cc70000000022000253,交作业[派对R],广东,1779369705000
69f590330000000029034a3e,69e89cc70000000022000253,像不像？[萌萌哒R],广东,1777700917000
6a049c55000000002900e6f6,69e89cc70000000022000253,今天刚做的[doge],广东,1778687064000
6a16671a000000002803c3b6,687cbd4400000000120319eb,60做的，总感觉哪里怪怪的,浙江,1779853086000
6886eae600000000020191ac,687cbd4400000000120319eb,我花了80很满意了，加建构,浙江,1753672425000
68cba169000000000b015ca6,687cbd4400000000120319eb,你们都做多少？？288合理吗我去了,上海,1758175595000
68e7cb0d0000000033006c38,687cbd4400000000120319eb,,贵州,1760021265000
695471740000000014037537,687cbd4400000000120319eb,这一样吗？家人们，感觉好奇怪啊[哭惹R][哭惹R],北京,1767141750000
6964a2b7000000000f02d998,69095f35000000000302f457,超级好看！,黑龙江,1768202937000
693486a1000000001403dd37,69095f35000000000302f457,昨天刚做的美甲💅,美国,1765050027000
69412116000000001d0247f2,69095f35000000000302f457,有色差，但它只要49[害羞R],江苏,1765875995000
692c68190000000038016b34,69095f35000000000302f457,140值不值？,广东,1764517915000
690b372d000000003900acd9,69095f35000000000302f457,看我的,辽宁,1762342704000
69bba32a000000000103c963,6886511f0000000015020ee4,感觉有点像诶 后天去做这个！,河南,1773904685000
697f7470000000000800d725,6886511f0000000015020ee4,超级好看[派对R],福建,1769960574000
6a191dac000000002901bacd,6886511f0000000015020ee4,星星是贴纸还是手绘的呀,北京,1780030893000
688b6eac000000002903b03d,6886511f0000000015020ee4,宝宝 你这个用了甲片嘛[害羞R],云南,1753968301000
6a19145d000000002903521f,6886511f0000000015020ee4,超级无敌好看，就是有点拍不出来,云南,1780028511000
68e92ccb000000003901cac8,68e866ec000000000302e4d2,[哭惹R][哭惹R][哭惹R],湖南,1760111822000
68f338d30000000038031d72,68e866ec000000000302e4d2,不错，值这个价,河南,1760770262000
690017d00000000039004020,68e866ec000000000302e4d2,好看,河北,1761613777000
68ecf84f000000003803ecef,68e866ec000000000302e4d2,,广东,1760360532000
68f1e9400000000038004f43,68e866ec000000000302e4d2,怎么确定尺寸呢,海南,1760684353000
68bac360000000003002bebe,68b02dd5000000001c03d849,[嘻嘻R]我做回来了（改了一部分）,云南,1757070180000
68b6c90a00000000300175d6,68b02dd5000000001c03d849,我记得当时我看到这个还是AI来着这就做出来了？[呃R],广东,1756809483000
68b5205f0000000030006df9,68b02dd5000000001c03d849,好想做这个，可是感觉小县城美甲师做不出效果[哭惹R],广东,1756700768000
68d0bc680000000002014665,68b02dd5000000001c03d849,怎么进群,广东,1758510184000
68b54974000000000a00d5f1,68b02dd5000000001c03d849,是哑光还是亮面啊，感觉第一张是哑光的，后面又感觉做的亮面,山西,1756711284000
69f4ba82000000002803049d,6688df8c000000000a0246b3,2个笔记同款商品 穿戴甲链接，图片是本甲，甲型麻烦看宝贝详情备注,浙江,1777646210000
668e547d0000000005039cd1,6688df8c000000000a0246b3,花140做的 想报警,四川,1720603774000
669500990000000005021f26,6688df8c000000000a0246b3,,福建,1721041051000
669105450000000016025966,6688df8c000000000a0246b3,这个星星怎么弄的,甘肃,1720780101000
668b4e190000000017012425,6688df8c000000000a0246b3,我天现实图真的可以有这么好看吗[皱眉R],河南,1720405529000
696ba0a3000000000f00c0f8,694215f5000000001e028258,美甲师给我的[捂脸R],贵州,1768661159000
69b1857f000000000f00cd00,694215f5000000001e028258,美甲师很重要,湖南,1773241729000
69aa353600000000040026e2,694215f5000000001e028258,昨天做的，来交作业了,湖南,1772762424000
69c5c90100000000020342d6,694215f5000000001e028258,总感觉哪里不对劲,海南,1774569732000
6a18f47f000000002803af51,694215f5000000001e028258,做这个可以拍婚纱照吗？,江苏,1780020351000
68ebafbd000000003902bbc6,68ea1aaa000000000401595c,觉得手白 可以 或者光线好点  我这指甲短 只能说还可以,安徽,1760276430000
6a17d7f60000000029034801,68ea1aaa000000000401595c,,重庆,1779947512000
698708a5000000000800eb08,68ea1aaa000000000401595c,今天去做了,四川,1770457267000
6986be6e000000000c0157d6,68ea1aaa000000000401595c,,四川,1770438256000
691b36f60000000038011ed8,68ea1aaa000000000401595c,,江西,1763391227000
6719dfae000000001b037604,66c2d5e2000000001d01a13f,感觉做失败了,广东,1729748911000
675bf255000000001003c1b2,66c2d5e2000000001d01a13f,返图感觉不太好看[哭惹R][哭惹R],江苏,1734079066000
67cd1e150000000018004149,66c2d5e2000000001d01a13f,刚做的,浙江,1741495831000
6781215e0000000022008efe,66c2d5e2000000001d01a13f,交作业 [暗中观察R],江苏,1736515937000
67c0831e0000000019012517,66c2d5e2000000001d01a13f,努力了[doge] 交作业,广东,1740669732000
69ac320a000000001601576f,69a7d3fe00000000150208f2,,山东,1772892684000
69f9f88200000000270142ca,69a7d3fe00000000150208f2,好美[派对R][派对R][派对R]都去做,天津,1777989765000
69d1c9040000000015016c97,69a7d3fe00000000150208f2,做了！,四川,1775356167000
6a18dd19000000002702a88e,69a7d3fe00000000150208f2,以这个为参考做的[萌萌哒R],上海,1780014362000
69ef79780000000027029ad3,69a7d3fe00000000150208f2,心动—拥有[害羞R],云南,1777301882000
68ca7afe000000003001dab7,68c7b87f000000001c011019,p1是必须本甲嘛？指甲短可以贴甲片吗,四川,1758100223000
68c7d30e0000000030021212,68c7b87f000000001c011019,谁家的啊[派对R],河北,1757926159000
68c7d353000000000a00e76a,68c7b87f000000001c011019,哇咔咔，下次要做，又一款心动美甲,广东,1757926227000
68caabb3000000000b015370,68c7b87f000000001c011019,这个戒指好喜欢！,湖北,1758112692000
68ccb7570000000030006ba7,68c7b87f000000001c011019,求[飞吻R][飞吻R],四川,1758246743000
6921d731000000003800a011,68b95c80000000001b037c74,[哭惹R]一点都不还原,辽宁,1763825460000
68c41edd000000003001c10d,68b95c80000000001b037c74,刚做,湖南,1757683424000
68cd14a200000000020140b9,68b95c80000000001b037c74,,安徽,1758270629000
68bcce4a000000003001551e,68b95c80000000001b037c74,请问这个是做了建构的吗？还是没有做啊？,广东,1757204042000
6a117a52000000002b02432c,68b95c80000000001b037c74,感觉还挺好看的，适合夏天去海边[偷笑R],江西,1779530323000
689c2324000000003001da2d,6895f7580000000023039150,昨天拿这个图去做的，然后就得到了不太一样但是也还算好看的美甲,江苏,1755063079000
697c915c0000000004000928,6895f7580000000023039150,89[doge],辽宁,1769771383000
689a8afd000000002b02e253,6895f7580000000023039150,有细节图吗？,四川,1754958590000
68d88870000000001a026694,6895f7580000000023039150,180[哭惹R],山东,1759021187000
68ce74aa000000000b0267bd,6895f7580000000023039150,[笑哭R]我做出来的188,广东,1758360755000
68de9b2e000000003803f074,68bfc7a8000000001d01a48e,贴的还是画的[呃R],广东,1759419182000
695dbb70000000001600c226,68bfc7a8000000001d01a48e,求细节图宝宝,山东,1767750513000
69705f29000000000800c504,68bfc7a8000000001d01a48e,求细节图[皱眉R],广东,1768972074000
69686fdc000000000c016532,68bfc7a8000000001d01a48e,求细节图,广西,1768452061000
697b20c80000000018023219,68bfc7a8000000001d01a48e,这个属于简单款还是复杂款呀？,吉林,1769677000000
689a16e9000000002b01c7c3,688a0c9a0000000023034876,宝宝们禁止搬运哦，用我的图发帖需要@我哦,上海,1754928873000
689023e10000000029037a05,688a0c9a0000000023034876,我就知道我不会无缘无故刷到这个[偷笑R]但是我加了层磨砂,江苏,1754276836000
6a1261f0000000002701437d,688a0c9a0000000023034876,夸爆我的神仙美甲师小姐姐了，感觉已经超超超超级还原了，实物更好看！！！,上海,1779589617000
689455c5000000002a0011cc,688a0c9a0000000023034876,,福建,1754551750000
6891b560000000002b018df8,688a0c9a0000000023034876,图三人鱼姬我做过，巨好看[偷笑R],四川,1754379616000
67811beb000000001b03565d,6778f0d40000000013018463,好漂亮😍😍能不能出穿戴甲呀？[派对R][害羞R],广西,1736514540000
67ee036c000000001f006fa2,6778f0d40000000013018463,有没有无滤镜的,福建,1743651693000
68920bd200000000290281ec,6778f0d40000000013018463,自己做的好闪[微笑R],广西,1754401748000
677a710200000000110324c6,6778f0d40000000013018463,好好看哦 能不能做穿戴甲[哭惹R],浙江,1736077571000
67813db7000000001b03f4eb,6778f0d40000000013018463,感觉做我手上会很显手黑[哭惹R],天津,1736523192000
69f06f7b000000002800ab3b,69e1ed3b0000000021011ea7,这种属于单色猫眼吗？,河南,1777364860000
6a084d0c000000002701d421,69e1ed3b0000000021011ea7,,浙江,1778928909000
69e858ff0000000014018818,69e1ed3b0000000021011ea7,姐妹，这是你自己做的吗，能出一个吸猫眼的教程吗,天津,1776834816000
69e263390000000014019c13,69e1ed3b0000000021011ea7,姐你是被盗图了吗？拼多多上有你这张手的照片，但不是这个牌子的[石化R],湖南,1776444218000
69f307a6000000002b026c29,69e1ed3b0000000021011ea7,姐问一下戒指哪家的[哇R],湖北,1777534886000
696264930000000014034e77,69441a71000000001b0219f4,宝子们看看可以用不,广东,1768055956000
698ec02a00000000050338aa,69441a71000000001b0219f4,刚做的[偷笑R]那个雪花好几个美甲店都说没有，换了别的小花花,广东,1770962988000
6944f45f0000000038030a75,69441a71000000001b0219f4,第一个有细节图吗[害羞R],安徽,1766126687000
6a18bef00000000028031774,69441a71000000001b0219f4,好好看呀,陕西,1780006640000
6a178019000000002b02857a,69441a71000000001b0219f4,温柔可爱,福建,1779925018000
69718ea3000000000f02e8c3,68cbd55f0000000013013eb6,有细节图吗,广东,1769049763000
69bbf25a000000000d012ed3,68cbd55f0000000013013eb6,无滤镜原相机,广东,1773924958000
69ff3e8c000000002702dfa0,68cbd55f0000000013013eb6,,甘肃,1778335375000
69cbac950000000009037e62,68cbd55f0000000013013eb6,照着图做的,福建,1774955670000
69ed5bdb000000002800976c,68cbd55f0000000013013eb6,做了,浙江,1777163230000
696b897f0000000006033630,68835b9c0000000020018599,,安徽,1768655234000
69781fa6000000000600d711,68835b9c0000000020018599,同款一个月了，准备年前换掉[doge],江西,1769480112000
688cba8f0000000029025de3,68835b9c0000000020018599,同款已做 真的超级好看 永远都是闪闪亮亮 心情都超级好[大笑R],山西,1754053273000
6902a86a00000000370246a5,68835b9c0000000020018599,,上海,1761781868000
695e5419000000001600c2be,68835b9c0000000020018599,刚做的,浙江,1767789594000
68c7d30e0000000030021212,68c7b87f000000001c011019,谁家的啊[派对R],河北,1757926159000
68ca7afe000000003001dab7,68c7b87f000000001c011019,p1是必须本甲嘛？指甲短可以贴甲片吗,四川,1758100223000
68ca06bf00000000300186fb,68c7b87f000000001c011019,不知道自己什么码咋整,内蒙古,1758070464000
68c7be12000000000a00e526,68c7b87f000000001c011019,我收藏了我去问问天津哪里能做[偷笑R][暗中观察R],天津,1757920787000
68d0a10900000000090383e6,68c7b87f000000001c011019,在哪里做的,河南,1758503177000
699adcc20000000015010274,69955f12000000000a02ba73,这是什么颜色呀,广东,1771756739000
6a18f4ba000000002701c08b,69955f12000000000a02ba73,这款需要做建构吗？,海南,1780020410000
6a101372000000002901307d,69955f12000000000a02ba73,想问一下，为什么你的猫眼看起来不会发灰呀？我记得我之前做过猫眼会有点发灰，你这个是什么颜色的呀？,广东,1779438451000
69ea7a01000000001401cc00,69955f12000000000a02ba73,这是猫眼款吗,河北,1776974337000
69dc57510000000035022377,69955f12000000000a02ba73,我将拿给我的美甲师，逐帧观看,江西,1776047953000
6921d731000000003800a011,68b95c80000000001b037c74,[哭惹R]一点都不还原,辽宁,1763825460000
68c41edd000000003001c10d,68b95c80000000001b037c74,刚做,湖南,1757683424000
68cd14a200000000020140b9,68b95c80000000001b037c74,,安徽,1758270629000
68bcce4a000000003001551e,68b95c80000000001b037c74,请问这个是做了建构的吗？还是没有做啊？,广东,1757204042000
6a117a52000000002b02432c,68b95c80000000001b037c74,感觉还挺好看的，适合夏天去海边[偷笑R],江西,1779530323000
697c915c0000000004000928,6895f7580000000023039150,89[doge],辽宁,1769771383000
689c2324000000003001da2d,6895f7580000000023039150,昨天拿这个图去做的，然后就得到了不太一样但是也还算好看的美甲,江苏,1755063079000
689a8afd000000002b02e253,6895f7580000000023039150,有细节图吗？,四川,1754958590000
68ce74aa000000000b0267bd,6895f7580000000023039150,[笑哭R]我做出来的188,广东,1758360755000
68d88870000000001a026694,6895f7580000000023039150,180[哭惹R],山东,1759021187000
69761d9a000000000800d634,6969b3aa00000000220302c8,茉哉手工赤茶琉璃穿戴甲 同款穿戴甲哦宝宝们[红色心形R],广东,1769348506000
6984910b00000000080322bb,6969b3aa00000000220302c8,,广东,1770295574000
69831101000000001d00f4d3,6969b3aa00000000220302c8,,陕西,1770197251000
6978a7c0000000000f025873,6969b3aa00000000220302c8,真嘟超好看[偷笑R],上海,1769514948000
697367080000000005033bc2,6969b3aa00000000220302c8,,海南,1769170699000
69f8a5a8000000002902dee3,69f1a666000000003700d0f0,按照这个做的，不满意[捂脸R],福建,1777903019000
69fee356000000002b001870,69f1a666000000003700d0f0,照着这个做的，自己做了一些改变,浙江,1778312024000
6a119512000000002b025be1,69f1a666000000003700d0f0,实物更亮[哭惹R],河南,1779537175000
69f351c2000000002702e5aa,69f1a666000000003700d0f0,一个星期前做的[偷笑R]259,上海,1777553862000
6a07ee81000000002803c2c3,69f1a666000000003700d0f0,有点崩了[哭惹R],山东,1778904707000
68de9b2e000000003803f074,68bfc7a8000000001d01a48e,贴的还是画的[呃R],广东,1759419182000
695dbb70000000001600c226,68bfc7a8000000001d01a48e,求细节图宝宝,山东,1767750513000
69705f29000000000800c504,68bfc7a8000000001d01a48e,求细节图[皱眉R],广东,1768972074000
69686fdc000000000c016532,68bfc7a8000000001d01a48e,求细节图,广西,1768452061000
697b20c80000000018023219,68bfc7a8000000001d01a48e,这个属于简单款还是复杂款呀？,吉林,1769677000000
6a0e8ac10000000029010912,6a0d78200000000038037344,蓝色猫眼 KASI猫眼裸色甲油胶 23，食指 KASI小灯泡晶石猫眼胶 04，无名指 KASIKaSi星月集罐装猫眼胶 03，金色猫眼 KASI猫眼碎钻裸粉甲胶 103,广西,1779337922000
6a11289a0000000027028f19,6a0d78200000000038037344,能不能出个长款呀，真的好想出去玩的时候拍照,上海,1779509402000
6a1672aa0000000029012afc,6a0d78200000000038037344,好好看[哇R],广东,1779856042000
6a13c979000000002803975c,6a0d78200000000038037344,感觉这个特别适合hamilton的痛甲，适合那种不想ip太明显的[赞R],山东,1779681657000
6a0ed7280000000029012b07,6a0d78200000000038037344,这将是我的下一个美甲[暗中观察R]@涂涂兔,浙江,1779357481000
6a0f2351000000002803d968,6a0aff7f00000000080036ab,,四川,1779376985000
6a1570a9000000002803df21,6a0aff7f00000000080036ab,在哪儿做的呀宝宝[色色R],四川,1779789994000
6a191488000000002803217b,6a0aff7f00000000080036ab,好漂亮[飞吻R],广东,1780028552000
6a19005b0000000021010db7,6a0aff7f00000000080036ab,宝，你的眼睛太美了,广东,1780023387000
6a18d07e00000000280095e1,6a0aff7f00000000080036ab,没错[回招呼],浙江,1780011134000
69a407ca000000000800caa8,69a166ac000000001a01c692,是穿戴甲吗,河南,1772357579000
69b44974000000001500a5e8,69a166ac000000001a01c692,怎么卖呀,四川,1773422965000
69b35ffb000000000503ae06,69a166ac000000001a01c692,怎么卖,山西,1773363195000
69b36ecb0000000015000ebf,69a166ac000000001a01c692,好看,广西,1773366988000
69b390af000000000f01a35e,69a166ac000000001a01c692,咋卖[暗中观察R],湖北,1773375663000
6a1582d9000000002803f880,68a585fa000000001d028505,已做[害羞R][害羞R][害羞R][害羞R],重庆,1779794651000
6a104995000000002803f7e4,68a585fa000000001d028505,不错不错[害羞R],江西,1779452311000
6a129928000000002a0339d5,68a585fa000000001d028505,昨天做的，感觉挺好看的,吉林,1779603759000
69cbdc16000000000d034cf7,68a585fa000000001d028505,我的,广东,1774967832000
69ec73a4000000002b026fe0,68a585fa000000001d028505,第一次做挺好看,江苏,1777103784000
6933cc870000000039008f7f,6932af6f000000001e00225c,求细节图,广东,1765002376000
693790c40000000030024ff2,6932af6f000000001e00225c,有细节图吗,浙江,1765249220000
6961e9c70000000014034a3b,6932af6f000000001e00225c,色号[害羞R],广西,1768024520000
69339d34000000000e035053,6932af6f000000001e00225c,这个有穿戴甲嘛[害羞R],江苏,1764990261000
6942bf7d000000001403e98a,6932af6f000000001e00225c,有教程吗？,云南,1765982078000
68d0f3b8000000000b028a71,68c6b4f9000000001d01b4f0,第一个，很喜欢,河北,1758524347000
68c7e8e9000000003002b143,68c6b4f9000000001d01b4f0,49 我挺喜欢的,广东,1757931775000
68c70700000000000b0208f6,68c6b4f9000000001d01b4f0,第一个，但是甲型不一样,上海,1757873922000
68c6b6210000000030021ae6,68c6b4f9000000001d01b4f0,第一个,广东,1757853219000
68c93a14000000003002770a,68c6b4f9000000001d01b4f0,,上海,1758018075000
69b924290000000002029340,69ae6167000000001d02462b,口红🔗有吗 什么色号,浙江,1773741097000
69b51d6d000000000f02f904,69ae6167000000001d02462b,求细节图[害羞R],山东,1773477230000
69f1bc850000000027029e68,69ae6167000000001d02462b,交作业啦,广东,1777450129000
69bb4e78000000001400a871,69ae6167000000001d02462b,做好了,浙江,1773883002000
6a1577ca0000000029010277,69ae6167000000001d02462b,,陕西,1779791829000
69fd5286000000002b0024a6,69fc6423000000003601eb3a,宝宝可以看一下美甲细节图吗！,江苏,1778209415000
6a01af8f0000000028035cca,69fc6423000000003601eb3a,好看,广东,1778495376000
69fd26360000000027028b88,69fc6423000000003601eb3a,薄荷[哭惹R][抽泣R],福建,1778198071000
69fd6ad90000000029036280,69fc6423000000003601eb3a,这个颜色好清爽[色色R],海南,1778215641000
6a153f23000000002800aea1,69fc6423000000003601eb3a,好看,江苏,1779777316000
6a0e8ac10000000029010912,6a0d78200000000038037344,蓝色猫眼 KASI猫眼裸色甲油胶 23，食指 KASI小灯泡晶石猫眼胶 04，无名指 KASIKaSi星月集罐装猫眼胶 03，金色猫眼 KASI猫眼碎钻裸粉甲胶 103,广西,1779337922000
6a11289a0000000027028f19,6a0d78200000000038037344,能不能出个长款呀，真的好想出去玩的时候拍照,上海,1779509402000
6a1672aa0000000029012afc,6a0d78200000000038037344,好好看[哇R],广东,1779856042000
6a13c979000000002803975c,6a0d78200000000038037344,感觉这个特别适合hamilton的痛甲，适合那种不想ip太明显的[赞R],山东,1779681657000
6a0ed7280000000029012b07,6a0d78200000000038037344,这将是我的下一个美甲[暗中观察R]@涂涂兔,浙江,1779357481000
6a0ffd4600000000290245cb,691847bf0000000005003484,么么哒[飞吻R],云南,1779432778000
69fd5c1a000000002803e186,691847bf0000000005003484,65.9,北京,1778211869000
69e4bc5a000000001401c02e,691847bf0000000005003484,,安徽,1776598108000
697471fb000000000600a6b6,691847bf0000000005003484,蓝色的甲油胶是什么牌子呀,四川,1769239035000
6979921f000000000601d490,691847bf0000000005003484,好好看[哇R],福建,1769574944000
69e0633e000000001500a57e,69df7e3d000000002102faf1,求甲油胶,广东,1776313151000
69ea523b000000001401e405,69df7e3d000000002102faf1,交作业,浙江,1776964157000
69e0c8d4000000001401c014,69df7e3d000000002102faf1,求细节图,福建,1776339156000
69e025e2000000000d034a12,69df7e3d000000002102faf1,这指甲是穿戴甲吗,福建,1776297443000
69df879e0000000035030c17,69df7e3d000000002102faf1,好看的要命[心心眼R][心心眼R][心心眼R][心心眼R],河南,1776256927000
696de4fe000000003102f911,696b56700000000021030dab,在哪买,浙江,1768809727000
698068490000000006030640,696b56700000000021030dab,,陕西,1770022987000
69a5ef28000000000c009374,696b56700000000021030dab,好看死了,广东,1772482348000
69f8a5f3000000002803334e,696b56700000000021030dab,好好看,浙江,1777903091000
696cba89000000000c01445a,696b56700000000021030dab,链接🔗,安徽,1768733322000
6a0f2351000000002803d968,6a0aff7f00000000080036ab,,四川,1779376985000
6a1570a9000000002803df21,6a0aff7f00000000080036ab,在哪儿做的呀宝宝[色色R],四川,1779789994000
6a191488000000002803217b,6a0aff7f00000000080036ab,好漂亮[飞吻R],广东,1780028552000
6a19005b0000000021010db7,6a0aff7f00000000080036ab,宝，你的眼睛太美了,广东,1780023387000
6a18d07e00000000280095e1,6a0aff7f00000000080036ab,没错[回招呼],浙江,1780011134000
6a17f3370000000028039a30,69d5c796000000001f000c90,这个手太好看了吧[哭惹R],海南,1779954487000
69f7d44f000000002701d818,69d5c796000000001f000c90,我的为什么没光像灰指甲,湖北,1777849425000
69d6407a0000000003012d88,69d5c796000000001f000c90,手表好看噢,海南,1775648891000
69ef83e3000000002803ae75,69d5c796000000001f000c90,不够蓝[捂脸R],广西,1777304552000
69d8d054000000000d03d8dc,69d5c796000000001f000c90,这个是不是没有涂底胶和封层呀[害羞R],湖北,1775816789000
69b008c80000000016017e82,69abc09b000000002602f912,求图,辽宁,1773144265000
69ec9f39000000002702e4e2,69abc09b000000002602f912,立马交作业！,山东,1777114941000
6a157f7a0000000028008dbd,69abc09b000000002602f912,无滤镜[害羞R] 指甲之前已经修方形了，才决定做这款，所以不是很还原，但效果很满意,海南,1779793788000
69bd07920000000002035746,69abc09b000000002602f912,做啦[害羞R],安徽,1773995927000
6a0c619d000000002800bc6a,69abc09b000000002602f912,嘿嘿嘿嘿嘿好看,湖南,1779196319000
69bacb1c0000000014009c37,68b54b22000000001b020e0f,爱疯了,江苏,1773849376000
68ea7bcf00000000390227e9,68b54b22000000001b020e0f,是猫眼吗宝宝还是只是裸色 好美 [害羞R],辽宁,1760197583000
695649ef000000001d008f17,68b54b22000000001b020e0f,70[偷笑R],山东,1767262705000
696b865c000000000c015f5d,68b54b22000000001b020e0f,好看！,吉林,1768654429000
68ed7db90000000037012d1a,68b54b22000000001b020e0f,想问一下博主，会不会刮头发呀，我一直做的裸色，没有贴过钻呢[哭惹R],英国,1760394682000
68d7b498000000001a0261ee,68a30d5d000000001d0363d7,我在期待什么[失望R],广东,1758966937000
6971ee01000000000f029afe,68a30d5d000000001d0363d7,做完后悔了[笑哭R],湖北,1769074178000
68fbcc7700000000380251be,68a30d5d000000001d0363d7,我也做了类似的,广东,1761332344000
69ecadd20000000027022b91,68a30d5d000000001d0363d7,我今天刚做的,河南,1777118683000
69802111000000000600d27d,68a30d5d000000001d0363d7,穿戴甲的,广西,1770004754000
67f731da000000001f019aab,670ddb70000000002401445d,,江苏,1744253403000
68cf7843000000000b0263e7,670ddb70000000002401445d,好看！给我做！！！,山东,1758427208000
69f9e2860000000027016c50,670ddb70000000002401445d,刚完成,广东,1777984135000
6845bd88000000000a0343c7,670ddb70000000002401445d,拿着这个图去做的[笑哭R],广西,1749400971000
687dd67c0000000019026a27,670ddb70000000002401445d,请问有具体效果图吗[皱眉R],海南,1753077373000
6a083f1c000000002701607e,691fe81b000000001e03bcd6,我的美甲师做完是这样的,吉林,1778925342000
69e82aff000000001401bc15,691fe81b000000001e03bcd6,,河北,1776823063000
69fa0a4a0000000027023416,691fe81b000000001e03bcd6,指尖蹭了魔镜粉吗宝子,福建,1777994315000
692946af000000003802ca24,691fe81b000000001e03bcd6,你在广东哪里，我要来找你做,广东,1764312751000
692b9857000000000e037bdb,691fe81b000000001e03bcd6,OMGOMG美到我心里去了,山东,1764464728000
6a032339000000002803c2e8,69f2fd4400000000230157f1,这个好可爱啊,四川,1778590522000
69f5e0250000000027015261,69f2fd4400000000230157f1,能不能出一个纯渐变色的呀？[偷笑R],广东,1777721382000
6a0671ee0000000029019768,69f2fd4400000000230157f1,卡哇伊呀[斜眼R],广东,1778807279000
6a13088e000000002902ec9a,69f2fd4400000000230157f1,奶呼呼的好可爱啊,浙江,1779632271000
69ff2cde000000002702eda9,69f2fd4400000000230157f1,礼貌拿[飞吻R],陕西,1778330846000
69ba48e50000000015000ace,69b952ba000000001a020922,明天来客人 做这款出教程 [喝奶茶R][喝奶茶R][喝奶茶R],江苏,1773816038000
69dc73b0000000003502ae4b,69b952ba000000001a020922,老师我来交作业了,山西,1776055239000
69bbf7e6000000000d03c653,69b952ba000000001a020922,五十九可以做吗,福建,1773926374000
69c3696a000000000f01fb1e,69b952ba000000001a020922,做啦！真的超级好看[偷笑R][笑哭R],河南,1774414191000
69c4f5dd000000000f02cf3e,69b952ba000000001a020922,老师，收不到你的同款魔镜粉能给推荐一下链接吗？,广东,1774515677000
6a15a5ef0000000028034caa,6a0c1eb000000000370346e7,这个怎么拍的呀,吉林,1779803631000
6a194a70000000002702027d,6a0c1eb000000000370346e7,人美,上海,1780042352000
6a0c27b6000000002900f2a4,6a0c1eb000000000370346e7,可以看细节图吗[害羞R],广东,1779181495000
6a179e1a0000000028033a25,6a0c1eb000000000370346e7,必須要存起來,广东,1779932699000
6a16fc3c000000002900e871,6a0c1eb000000000370346e7,太美了,江西,1779891260000
6a0bee55000000002702a2e9,69cc70600000000023004397,好看的🤩,广东,1779166805000
6a102a47000000002701e612,69cc70600000000023004397,好高级这个,广东,1779444295000
6a13f27e0000000028033b9d,69cc70600000000023004397,这种算手绘吗,湖南,1779692159000
6a0fba8a000000002803c20a,69cc70600000000023004397,好贵气,浙江,1779415691000
69fa01f100000000280346a2,69cc70600000000023004397,好好看,浙江,1777992177000
69f35799000000002803f1fb,69f3577600000000380211f4,在这～ 【魔法精灵】温柔百搭美甲,湖南,1777555353000
6a0fe283000000002803aefd,69f3577600000000380211f4,好看好看,浙江,1779425923000
6a1693b600000000280315c8,69f3577600000000380211f4,漂亮,江苏,1779864503000
6a0ae79b000000002b00368b,69f3577600000000380211f4,很好看,福建,1779099548000
69d8a4d8000000000d03e5e8,69d607030000000022000a40,上咯 蓝莓手工穿戴甲,广东,1775805656000
69d757f8000000000103d30b,69d607030000000022000a40,同问,上海,1775720441000
69ea2076000000001401bc12,69d607030000000022000a40,好看,浙江,1776951414000
69d628a8000000000100626d,69d607030000000022000a40,这款啥时候上,重庆,1775642793000
69e6653c000000001401a00e,69d607030000000022000a40,这个感觉好可爱 好春天的感觉 喜欢！,江苏,1776706877000
69d1bf60000000001500f3cd,69845e6200000000210296e2,链接求分享,新疆,1775353696000
69e047e30000000031000d98,69845e6200000000210296e2,亲 我们在招聘拍素材的博主，有排期吗,上海,1776306147000
6a0c1c40000000002b026ccc,69845e6200000000210296e2,@沢村栄純,湖北,1779178561000
6a0f9fce00000000270177ee,6a06b89f0000000035031aa1,,浙江,1779408850000
6a082b39000000002a032af7,6a06b89f0000000035031aa1,好好看啊！,内蒙古,1778920249000
6a0db79f000000002a025607,6a06b89f0000000035031aa1,粉色上衣有链接吗[皱眉R][皱眉R],湖北,1779283872000
6a074a09000000002900ec0f,6a06b89f0000000035031aa1,求个细节图,安徽,1778862601000
6a0bc00e000000002900f42a,6a06b89f0000000035031aa1,我是第一千收藏[笑哭R][害羞R][害羞R],内蒙古,1779154959000
69ede246000000002a02752d,69d0e4aa000000001f00336d,很好看[点赞R],山东,1777197642000
69e2008c000000001401a416,69d0e4aa000000001f00336d,好好看 蹲一蹲出来了可以叫我嘛,北京,1776418957000
69dc93f6000000003500bc54,69d0e4aa000000001f00336d,姐姐可以推一下这个猫眼和底色吗我好喜欢[偷笑R]想要拥有,广东,1776063478000
69d11d14000000000d03cde6,69d0e4aa000000001f00336d,什么时候出,广东,1775312149000
69df115c000000003502e695,69d0e4aa000000001f00336d,@1.,河南,1776226653000
68f247f80000000038005759,68dcecd6000000000301f88f,康康大拇指！[害羞R],云南,1760708600000
691702fe00000000390047a1,68dcecd6000000000301f88f,@一里ovo 宝宝这个！！,甘肃,1763115774000
69f60e0c000000002902dea5,69f49fa0000000002003b43a,问一下大拇指,湖北,1777733134000
6a18a772000000002800a3e6,69f49fa0000000002003b43a,选择综合症犯了[偷笑R][偷笑R][偷笑R],湖北,1780000627000
6a105a9c0000000027023673,69f49fa0000000002003b43a,姐妹想问问蓝色和粉色分别是哪个色号呀,湖北,1779456668000
69f6055f000000002a005b50,69f49fa0000000002003b43a,好适合夏天的感觉,四川,1777730912000
6a101553000000002800ada7,69f49fa0000000002003b43a,好清新呐,四川,1779438931000
6a04a5a60000000027028cd7,6a046f12000000003502c7ce,三横SUNHUNTER贝母鸢尾戒,广东,1778689447000
6a16bf520000000027016fce,6a046f12000000003502c7ce,会不会显黑呀,新疆,1779875666000
6a09bac2000000002702015e,6a046f12000000003502c7ce,我也是 今年第二次做了,吉林,1779022534000
6a0bc3ea000000002b02982a,6a046f12000000003502c7ce,,浙江,1779155949000
6a06ba4b000000002b027737,6a046f12000000003502c7ce,蹭的粉吗,北京,1778825804000
69aeef640000000002036951,69999487000000000a0287a3,美甲[doge][捂脸R],福建,1773072228000
6a164fa300000000280358e3,69999487000000000a0287a3,报警需要,福建,1779847078000
69ea26c5000000001401c01b,68ce1d50000000000e020057,这个怎么买？,内蒙古,1776953030000
69eacada000000001401c80c,68ce1d50000000000e020057,哪个色号,江苏,1776995034000
692bd3b5000000001602405b,68ce1d50000000000e020057,这个猫眼是谁家的呀,山东,1764479925000
6936d689000000001702fd3e,68ce1d50000000000e020057,太美啦下次做这个,上海,1765201545000
68db43d700000000370125e3,68ce1d50000000000e020057,好好看[飞吻R],河南,1759200215000
6a12a19f00000000290117ac,6a1153eb00000000380361b0,KASIKaSi星月集罐装猫眼胶 大拇指小拇指03， KASI冰透裸色美甲胶 绿色22， KASI小灯泡晶石猫眼胶 食指无名指04,广西,1779605919000
6a18fffd000000002701f982,6a1153eb00000000380361b0,好好看[喝奶茶R]爱上了已经,四川,1780023293000
6a185a3b000000002a02deb5,6a1153eb00000000380361b0,适合夏季,河南,1779980859000
6a11984100000000290131ed,6a1153eb00000000380361b0,可以拿图吗[皱眉R],广东,1779537986000
6a1253aa000000002803e655,6a1153eb00000000380361b0,上海第三个叫黑布,浙江,1779585963000
69c229130000000011018ead,69c0efdd0000000023023763,这是穿戴甲还是美甲的,江苏,1774332180000
69c0f1490000000015006454,69c0efdd0000000023023763,狠狠地爱上了,河南,1774252361000
69e57a9d000000001401cc22,69c0efdd0000000023023763,求链接,浙江,1776646814000
69c0f1510000000014008e81,69c0efdd0000000023023763,,河南,1774252370000
69c680a3000000000202bba4,69c0efdd0000000023023763,链接,重庆,1774616739000
69d8a4d8000000000d03e5e8,69d607030000000022000a40,上咯 蓝莓手工穿戴甲,广东,1775805656000
69d757f8000000000103d30b,69d607030000000022000a40,同问,上海,1775720441000
69ea2076000000001401bc12,69d607030000000022000a40,好看,浙江,1776951414000
69d628a8000000000100626d,69d607030000000022000a40,这款啥时候上,重庆,1775642793000
69e6653c000000001401a00e,69d607030000000022000a40,这个感觉好可爱 好春天的感觉 喜欢！,江苏,1776706877000
6a0db79f000000002a025607,6a06b89f0000000035031aa1,粉色上衣有链接吗[皱眉R][皱眉R],湖北,1779283872000
6a0acbd1000000002803458c,6a06b89f0000000035031aa1,短甲也有春天,广东,1779092433000
6a0bc00e000000002900f42a,6a06b89f0000000035031aa1,我是第一千收藏[笑哭R][害羞R][害羞R],内蒙古,1779154959000
6a0f9fce00000000270177ee,6a06b89f0000000035031aa1,,浙江,1779408850000
6a074a09000000002900ec0f,6a06b89f0000000035031aa1,求个细节图,安徽,1778862601000
69ede246000000002a02752d,69d0e4aa000000001f00336d,很好看[点赞R],山东,1777197642000
69e2008c000000001401a416,69d0e4aa000000001f00336d,好好看 蹲一蹲出来了可以叫我嘛,北京,1776418957000
69dc93f6000000003500bc54,69d0e4aa000000001f00336d,姐姐可以推一下这个猫眼和底色吗我好喜欢[偷笑R]想要拥有,广东,1776063478000
69d11d14000000000d03cde6,69d0e4aa000000001f00336d,什么时候出,广东,1775312149000
69df115c000000003502e695,69d0e4aa000000001f00336d,@1.,河南,1776226653000
69f60e0c000000002902dea5,69f49fa0000000002003b43a,问一下大拇指,湖北,1777733134000
6a18a772000000002800a3e6,69f49fa0000000002003b43a,选择综合症犯了[偷笑R][偷笑R][偷笑R],湖北,1780000627000
6a105a9c0000000027023673,69f49fa0000000002003b43a,姐妹想问问蓝色和粉色分别是哪个色号呀,湖北,1779456668000
69f6055f000000002a005b50,69f49fa0000000002003b43a,好适合夏天的感觉,四川,1777730912000
6a101553000000002800ada7,69f49fa0000000002003b43a,好清新呐,四川,1779438931000
6a04a5a60000000027028cd7,6a046f12000000003502c7ce,三横SUNHUNTER贝母鸢尾戒,广东,1778689447000
6a16bf520000000027016fce,6a046f12000000003502c7ce,会不会显黑呀,新疆,1779875666000
6a09bac2000000002702015e,6a046f12000000003502c7ce,我也是 今年第二次做了,吉林,1779022534000
6a0bc3ea000000002b02982a,6a046f12000000003502c7ce,,浙江,1779155949000
6a06ba4b000000002b027737,6a046f12000000003502c7ce,蹭的粉吗,北京,1778825804000
69aeef640000000002036951,69999487000000000a0287a3,美甲[doge][捂脸R],福建,1773072228000
6a164fa300000000280358e3,69999487000000000a0287a3,报警需要,福建,1779847078000
6a0e59900000000028034faf,69e831070000000023016550,来看看我的美甲师复原图，花了179大洋，值吗？,福建,1779325330000
6a029b15000000002902f5b2,69e831070000000023016550,紫色很有韵味，这款美甲很高级[派对R],湖北,1778555670000
69f2dba0000000002a02f56c,69e831070000000023016550,食指是怎么做的,湖北,1777523616000
6a0466a8000000002901a804,69e831070000000023016550,好看[色色R][色色R],安徽,1778673320000
69f758de000000002901b2a9,69e831070000000023016550,好看,四川,1777817823000
69fefbb10000000028034e61,69dd4733000000001f006a44,能做出来[萌萌哒R]，但是中间紫色那部分叠出来颜色有点深，感觉可以换浅色一点的底色，不过还是挺满意的[偷笑R],广东,1778318259000
69e51914000000001401d80e,69dd4733000000001f006a44,这个前面蓝色部分是带一点猫眼吗,上海,1776621845000
69dded97000000003500afbc,69dd4733000000001f006a44,有没有人做同框啊，好好看，怕美甲师做不出来,湖北,1776151960000
69df8e6c0000000035014f97,69dd4733000000001f006a44,有链接吗,江西,1776258668000
69e6f993000000001401a814,69dd4733000000001f006a44,这款美甲真的太戳我了！整体是温柔又治愈的日系小清新风格，简约干净又不失精致感，完全不挑肤色，上手瞬间显得手指纤细又白皙[害羞R],云南,1776744851000
69df1a4500000000150078d5,69cfdb950000000022003ffc,"本笔记除第一张图片外,其余图片均为本人原创实拍，禁止搬运、盗图、二次商用如果喜欢我的内容，欢迎正常点赞、收藏、评论交流，如需转载请先私信授权，感谢尊重原创✨,已经发现有人盗图了,如若再次发现我会合理的维护自身权益,谢谢各位的喜欢与理解！！！",江西,1776228933000
69ec5edf000000002701f7d8,69cfdb950000000022003ffc,昨晚新鲜出炉[害羞R],陕西,1777098465000
6a1694ee000000000d023000,69cfdb950000000022003ffc,返一个,西班牙,1779864821000
69dd06a20000000015004925,69cfdb950000000022003ffc,我的[偷笑R],浙江,1776092836000
6a194068000000002702be6a,69cfdb950000000022003ffc,我的[doge],江西,1780039785000
6a193f80000000002803947f,6a16c58c000000003601d6d3,我也有[害羞R],广东,1780039554000
6a180a8b0000000029027a3e,6a16c58c000000003601d6d3,黄黑皮行吗,安徽,1779960459000
6a17e63700000000270162a3,6a16c58c000000003601d6d3,我的颜色深一些,云南,1779951163000
6a178dbf000000002b025752,6a16c58c000000003601d6d3,刚做的[赞R],湖南,1779928515000
6a19521e000000002701cd5f,6a16c58c000000003601d6d3,好看,重庆,1780044318000
6a17a2230000000029012f8e,6a1544950000000008024d49,大拇指图有没有呀,山西,1779933732000
69e373cb000000001401c007,69e36f83000000001d01bc05,笔记同款在这里👉 【凌洛原创】裸色追光猫眼秋冬款,广东,1776513995000
69e1c8060000000014019800,69d92f330000000023005c1f,"进群啦宝宝们[哇R] 9【复制口令，回薯薯APP】 限时至5月15日，""吱吱的美甲分享群""共同探讨区 MU5363 :/#b🐤😬🍐🍎😆🍅🍖🐼🍍😏🐱🌽",广东,1776404486000
69db44e5000000000202b523,69d92f330000000023005c1f,好透啊，是美甲师做的还是甲片呀？,广西,1775977701000
69e954b5000000001401a407,69d92f330000000023005c1f,这冰透感 绝啦,上海,1776899253000
69ddbc41000000001500a9fd,69d92f330000000023005c1f,有链接嘛,江苏,1776139329000
69e3a330000000001401a812,69d92f330000000023005c1f,好好看[色色R],上海,1776526129000
68c3edf4000000000a00a126,68c300b7000000001b03305b,感觉好漂亮 比顾客给的图还要好看,重庆,1757670901000
6a18321e000000002a031d72,68c300b7000000001b03305b,红色的部分是用水彩吗 怎么一深一浅,广东,1779970591000
68c3f99d000000000a00a0a9,68c300b7000000001b03305b,这不比原图好看？原图太显黑,内蒙古,1757673886000
6947912c000000001601fefc,68c300b7000000001b03305b,哇  好看  好看,上海,1766297901000
698977a8000000000601f4bf,68c300b7000000001b03305b,比原图还好看,四川,1770616744000
69d8a4d8000000000d03e5e8,69d607030000000022000a40,上咯 蓝莓手工穿戴甲,广东,1775805656000
69d757f8000000000103d30b,69d607030000000022000a40,同问,上海,1775720441000
69d628a8000000000100626d,69d607030000000022000a40,这款啥时候上,重庆,1775642793000
69ea2076000000001401bc12,69d607030000000022000a40,好看,浙江,1776951414000
69e6653c000000001401a00e,69d607030000000022000a40,这个感觉好可爱 好春天的感觉 喜欢！,江苏,1776706877000
6a054d050000000029034eb2,69e5cea2000000002200d381,同款,广东,1778732295000
6a09b9400000000027014f8d,69e5cea2000000002200d381,中指简直点睛之笔,湖南,1779022144000
6a0b3837000000002702fccd,69e5cea2000000002200d381,求求求链接,山东,1779120184000
6a098677000000002803c950,69e5cea2000000002200d381,好看,广东,1779009144000
6a0591dc0000000028009f86,69e5cea2000000002200d381,只涂了浅浅一层,广西,1778749919000
6a0f9fce00000000270177ee,6a06b89f0000000035031aa1,,浙江,1779408850000
6a0db79f000000002a025607,6a06b89f0000000035031aa1,粉色上衣有链接吗[皱眉R][皱眉R],湖北,1779283872000
6a0bc00e000000002900f42a,6a06b89f0000000035031aa1,我是第一千收藏[笑哭R][害羞R][害羞R],内蒙古,1779154959000
6a074a09000000002900ec0f,6a06b89f0000000035031aa1,求个细节图,安徽,1778862601000
6a0801c00000000029011c83,6a06b89f0000000035031aa1,来支持了,浙江,1778909633000
69ede246000000002a02752d,69d0e4aa000000001f00336d,很好看[点赞R],山东,1777197642000
69e2008c000000001401a416,69d0e4aa000000001f00336d,好好看 蹲一蹲出来了可以叫我嘛,北京,1776418957000
69dc93f6000000003500bc54,69d0e4aa000000001f00336d,姐姐可以推一下这个猫眼和底色吗我好喜欢[偷笑R]想要拥有,广东,1776063478000
69d11d14000000000d03cde6,69d0e4aa000000001f00336d,什么时候出,广东,1775312149000
69df115c000000003502e695,69d0e4aa000000001f00336d,@1.,河南,1776226653000
69f60e0c000000002902dea5,69f49fa0000000002003b43a,问一下大拇指,湖北,1777733134000
6a18a772000000002800a3e6,69f49fa0000000002003b43a,选择综合症犯了[偷笑R][偷笑R][偷笑R],湖北,1780000627000
69f6055f000000002a005b50,69f49fa0000000002003b43a,好适合夏天的感觉,四川,1777730912000
6a105a9c0000000027023673,69f49fa0000000002003b43a,姐妹想问问蓝色和粉色分别是哪个色号呀,湖北,1779456668000
6a101553000000002800ada7,69f49fa0000000002003b43a,好清新呐,四川,1779438931000
6a139a6b000000002902d01e,69b97fde000000001d01e1ea,哭泣。我照着你的图,上海,1779669613000
69be6f64000000000d03f8db,69b97fde000000001d01e1ea,姐妹，求品牌色号[萌萌哒R],广东,1774088036000
69db506d0000000002034e2d,69d5b0f60000000023011355,大拇指细节图有吗,安徽,1775980653000
69d5f5ab0000000015008c45,69d5b0f60000000023011355,在哪个位置呢？,重庆,1775629739000
69d5f5a20000000015001be2,69d5b0f60000000023011355,好漂亮，怎么做,重庆,1775629731000
6a16594c0000000023003638,6a15ae960000000035026466,中指是哪个猫眼,广东,1779849548000
6a1792870000000029035241,6a15ae960000000035026466,好看[飞吻R],广东,1779929735000
6a162ec5000000002b002cb2,6a15ae960000000035026466,@RuK,广东,1779838661000
68ec704e00000000330275da,68e8aa600000000003035e44,[哇R]木柯诗修容盘,湖北,1760325711000
69a14a780000000008033b6c,68e8aa600000000003035e44,谆嘟好美今天才做,湖北,1772178045000
6975e7b1000000000600d469,68e8aa600000000003035e44,手有点黑[笑哭R],江苏,1769334709000
69016d1e0000000033026992,68e8aa600000000003035e44,这种一般是本甲还是甲片,江苏,1761701150000
6960b2dd000000000e035dfc,68e8aa600000000003035e44,黄黑皮适合吗[哇R],广东,1767944925000
683daba0000000000b02e8a8,683d7a4200000000230168d1,吼吼看！！蹲一个猫眼的色号[皱眉R],浙江,1748872096000
687b45420000000006006e93,683d7a4200000000230168d1,咪咪嘟，做成了中长款[偷笑R],贵州,1752909124000
68a5d589000000002603aee3,683d7a4200000000230168d1,刚做的！,江西,1755698571000
68723306000000001100c17e,683d7a4200000000230168d1,交作业[偷笑R]感觉做的超级好看,北京,1752314632000
6891bdfd000000002b018326,683d7a4200000000230168d1,,安徽,1754381822000
69f9728f000000002803c4c9,69e89cc70000000022000253,返图,山东,1777955473000
69ff45920000000027014953,69e89cc70000000022000253,来返图啦，今晚刚去美甲店做的,浙江,1778337175000
6a1951aa000000002902ccae,69e89cc70000000022000253,已做不欠,四川,1780044204000
6a049c55000000002900e6f6,69e89cc70000000022000253,今天刚做的[doge],广东,1778687064000
69f590330000000029034a3e,69e89cc70000000022000253,像不像？[萌萌哒R],广东,1777700917000
68b3bf6c0000000001013748,68996a7c0000000004004970,差距[哭惹R],广西,1756610416000
69c801a1000000001500d859,68996a7c0000000004004970,拿着你的图去做的[派对R],广东,1774715299000
69b67dfb0000000016015903,68996a7c0000000004004970,这个颜色绝美,陕西,1773567494000
6a01e5ad000000002702b330,68996a7c0000000004004970,黄黑皮做这个显黑吗[哭惹R][哭惹R],河北,1778509230000
68c5935d000000003000658a,68996a7c0000000004004970,杭州148💰 我的成功了吗[偷笑R],浙江,1757778785000
6a16671a000000002803c3b6,687cbd4400000000120319eb,60做的，总感觉哪里怪怪的,浙江,1779853086000
6886eae600000000020191ac,687cbd4400000000120319eb,我花了80很满意了，加建构,浙江,1753672425000
68cba169000000000b015ca6,687cbd4400000000120319eb,你们都做多少？？288合理吗我去了,上海,1758175595000
68e7cb0d0000000033006c38,687cbd4400000000120319eb,,贵州,1760021265000
695471740000000014037537,687cbd4400000000120319eb,这一样吗？家人们，感觉好奇怪啊[哭惹R][哭惹R],北京,1767141750000
69d4d8780000000015017f5e,69c23c1700000000200397f1,翻车了吗姐妹们,河北,1775556735000
69cd512f000000000203794c,69c23c1700000000200397f1,打卡[害羞R],江苏,1775063356000
69db3b0300000000020293ac,69c23c1700000000200397f1,我已经翻车了[哭惹R],四川,1775975171000
69ce246300000000140081fe,69c23c1700000000200397f1,有时候真的想笑,陕西,1775117414000
69ce0ee4000000000f01c208,69c23c1700000000200397f1,已做,安徽,1775111912000
690b372d000000003900acd9,69095f35000000000302f457,看我的,辽宁,1762342704000
6964a2b7000000000f02d998,69095f35000000000302f457,超级好看！,黑龙江,1768202937000
691284bb000000003800b8e7,69095f35000000000302f457,,福建,1762821309000
6909681f00000000390313b8,69095f35000000000302f457,好好看有细节图吗,黑龙江,1762224159000
691158320000000037013eec,69095f35000000000302f457,我做的 178+建构,湖南,1762744372000
684f86a60000000020025414,683122f8000000000303f81c,宝宝们消息太多了我没注意到捏，想看原帖的我粘在下面了,北京,1750042278000
6832f7c2000000000d01643b,683122f8000000000303f81c,刚刚做完1[黄金薯R],广东,1748170693000
68400ec8000000000b014f00,683122f8000000000303f81c,照着第一幅做的,广东,1749028555000
683ed84b000000000103e46b,683122f8000000000303f81c,168值嘛不玻璃心[害羞R],福建,1748949068000
68415544000000000b02d220,683122f8000000000303f81c,宝宝们哪个不会太显黑[哭惹R],四川,1749112159000
69bba32a000000000103c963,6886511f0000000015020ee4,感觉有点像诶 后天去做这个！,河南,1773904685000
697f7470000000000800d725,6886511f0000000015020ee4,超级好看[派对R],福建,1769960574000
6a191dac000000002901bacd,6886511f0000000015020ee4,星星是贴纸还是手绘的呀,北京,1780030893000
69cd0773000000000103dc25,6886511f0000000015020ee4,HH很好看！[飞吻R][飞吻R][害羞R],广西,1775044473000
6a19145d000000002903521f,6886511f0000000015020ee4,超级无敌好看，就是有点拍不出来,云南,1780028511000
68f78b520000000039024f89,68e866ec000000000302e4d2,有没有上蓝下粉的[哇R],江西,1761053522000
68e99b3a0000000037011044,68e866ec000000000302e4d2,,江苏,1760140092000
68f33150000000003900971c,68e866ec000000000302e4d2,你好，送胶跟工具嘛[害羞R],河南,1760768337000
68e92ccb000000003901cac8,68e866ec000000000302e4d2,[哭惹R][哭惹R][哭惹R],湖南,1760111822000
68f338d30000000038031d72,68e866ec000000000302e4d2,不错，值这个价,河南,1760770262000
6972df30000000000b0340d4,68e10bd600000000050305fd,1真的很好看,江西,1769135924000
6918a544000000003900691d,68e10bd600000000050305fd,喜欢前三个,河南,1763222853000
69ece2df000000002a026d71,68e10bd600000000050305fd,做了[偷笑R],广东,1777132259000
69ecbdeb000000002800b556,68e10bd600000000050305fd,,浙江,1777122797000
69579aed000000000f028fed,68e10bd600000000050305fd,1做了,四川,1767348976000
68bac360000000003002bebe,68b02dd5000000001c03d849,[嘻嘻R]我做回来了（改了一部分）,云南,1757070180000
68b5205f0000000030006df9,68b02dd5000000001c03d849,好想做这个，可是感觉小县城美甲师做不出效果[哭惹R],广东,1756700768000
68b6c90a00000000300175d6,68b02dd5000000001c03d849,我记得当时我看到这个还是AI来着这就做出来了？[呃R],广东,1756809483000
68d0bc680000000002014665,68b02dd5000000001c03d849,怎么进群,广东,1758510184000
68b54974000000000a00d5f1,68b02dd5000000001c03d849,是哑光还是亮面啊，感觉第一张是哑光的，后面又感觉做的亮面,山西,1756711284000
69f4ba82000000002803049d,6688df8c000000000a0246b3,2个笔记同款商品 穿戴甲链接，图片是本甲，甲型麻烦看宝贝详情备注,浙江,1777646210000
669105450000000016025966,6688df8c000000000a0246b3,这个星星怎么弄的,甘肃,1720780101000
669500990000000005021f26,6688df8c000000000a0246b3,,福建,1721041051000
668b4e190000000017012425,6688df8c000000000a0246b3,我天现实图真的可以有这么好看吗[皱眉R],河南,1720405529000
668e547d0000000005039cd1,6688df8c000000000a0246b3,花140做的 想报警,四川,1720603774000
69cfb1090000000001006edd,69cca8e1000000001f0063f1,我也做了一个说不上来哪里怪怪的,江西,1775218956000
69db712b0000000035012153,69cca8e1000000001f0063f1,五颜六色的本来就太花哨不好看,广东,1775989035000
69cddad3000000000c0329ad,69cca8e1000000001f0063f1,做了个类似的，感觉又好看又不好看的[哭惹R],广东,1775098581000
69da0f00000000003501b7fd,69cca8e1000000001f0063f1,我的好奇怪[泪崩R],广东,1775898373000
69e2e1e00000000014019c2e,69cca8e1000000001f0063f1,我想要的和美甲师给的,河南,1776476643000
69f06f7b000000002800ab3b,69e1ed3b0000000021011ea7,这种属于单色猫眼吗？,河南,1777364860000
6a084d0c000000002701d421,69e1ed3b0000000021011ea7,,浙江,1778928909000
69e858ff0000000014018818,69e1ed3b0000000021011ea7,姐妹，这是你自己做的吗，能出一个吸猫眼的教程吗,天津,1776834816000
69e263390000000014019c13,69e1ed3b0000000021011ea7,姐你是被盗图了吗？拼多多上有你这张手的照片，但不是这个牌子的[石化R],湖南,1776444218000
69f307a6000000002b026c29,69e1ed3b0000000021011ea7,姐问一下戒指哪家的[哇R],湖北,1777534886000
696264930000000014034e77,69441a71000000001b0219f4,宝子们看看可以用不,广东,1768055956000
6944f45f0000000038030a75,69441a71000000001b0219f4,第一个有细节图吗[害羞R],安徽,1766126687000
698ec02a00000000050338aa,69441a71000000001b0219f4,刚做的[偷笑R]那个雪花好几个美甲店都说没有，换了别的小花花,广东,1770962988000
6a18bef00000000028031774,69441a71000000001b0219f4,好好看呀,陕西,1780006640000
6a143122000000002803024a,69441a71000000001b0219f4,第一个细节图有吗,广东,1779708195000
68c7d30e0000000030021212,68c7b87f000000001c011019,谁家的啊[派对R],河北,1757926159000
68ce3eeb00000000300102bc,68c7b87f000000001c011019,这款先猫眼还是先渐变呢？,河北,1758346987000
68ca06bf00000000300186fb,68c7b87f000000001c011019,不知道自己什么码咋整,内蒙古,1758070464000
68ca7afe000000003001dab7,68c7b87f000000001c011019,p1是必须本甲嘛？指甲短可以贴甲片吗,四川,1758100223000
68c7be12000000000a00e526,68c7b87f000000001c011019,我收藏了我去问问天津哪里能做[偷笑R][暗中观察R],天津,1757920787000
6a1530250000000028038dda,69bfbd32000000001b022953,这个如果做浅蓝色会好看吗,浙江,1779773478000
69f06d920000000029011add,69bfbd32000000001b022953,漂亮漂亮,江苏,1777364371000
69ef7a0c0000000028031cac,69bfbd32000000001b022953,,广西,1777302029000
6a07cff1000000002701c777,69bfbd32000000001b022953,刚做的。88。咋样？,河南,1778896886000
6a18d0300000000028030a28,69bfbd32000000001b022953,给个地址吧 过段时间去深圳,浙江,1780011056000
69ac320a000000001601576f,69a7d3fe00000000150208f2,,山东,1772892684000
69f9f88200000000270142ca,69a7d3fe00000000150208f2,好美[派对R][派对R][派对R]都去做,天津,1777989765000
69d1c9040000000015016c97,69a7d3fe00000000150208f2,做了！,四川,1775356167000
6a18dd19000000002702a88e,69a7d3fe00000000150208f2,以这个为参考做的[萌萌哒R],上海,1780014362000
69ef79780000000027029ad3,69a7d3fe00000000150208f2,心动—拥有[害羞R],云南,1777301882000
696b897f0000000006033630,68835b9c0000000020018599,,安徽,1768655234000
688cba8f0000000029025de3,68835b9c0000000020018599,同款已做 真的超级好看 永远都是闪闪亮亮 心情都超级好[大笑R],山西,1754053273000
69781fa6000000000600d711,68835b9c0000000020018599,同款一个月了，准备年前换掉[doge],江西,1769480112000
6890c4d2000000002b006a33,68835b9c0000000020018599,交作业[派对R],河南,1754318035000
695e5419000000001600c2be,68835b9c0000000020018599,刚做的,浙江,1767789594000
68d16d0f000000000b01d88d,68c7b87f000000001c011019,这个对于美甲师来说难不难呀？,安徽,1758555408000
68c7be12000000000a00e526,68c7b87f000000001c011019,我收藏了我去问问天津哪里能做[偷笑R][暗中观察R],天津,1757920787000
68c7d30e0000000030021212,68c7b87f000000001c011019,谁家的啊[派对R],河北,1757926159000
68caabb3000000000b015370,68c7b87f000000001c011019,这个戒指好喜欢！,湖北,1758112692000
68ca7afe000000003001dab7,68c7b87f000000001c011019,p1是必须本甲嘛？指甲短可以贴甲片吗,四川,1758100223000
66b62bd9000000000502ed58,666eb917000000001c0355e7,问价,北京,1723214810000
66c7575e000000000b00e8b6,666eb917000000001c0355e7,想要，点哪里买,安徽,1724340063000
67dd69cf000000001200b996,666eb917000000001c0355e7,158做出来的 真的好丑[捂脸R]当场就想卸了[失望R][失望R],四川,1742563793000
66ae0033000000000b02824d,666eb917000000001c0355e7,这个猫眼，是绿色还是黑色啊,湖北,1722679348000
67a9afdb0000000017000b54,666eb917000000001c0355e7,问价,山东,1739173851000
699adcc20000000015010274,69955f12000000000a02ba73,这是什么颜色呀,广东,1771756739000
6a18f4ba000000002701c08b,69955f12000000000a02ba73,这款需要做建构吗？,海南,1780020410000
6a101372000000002901307d,69955f12000000000a02ba73,想问一下，为什么你的猫眼看起来不会发灰呀？我记得我之前做过猫眼会有点发灰，你这个是什么颜色的呀？,广东,1779438451000
69dc57510000000035022377,69955f12000000000a02ba73,我将拿给我的美甲师，逐帧观看,江西,1776047953000
69fec459000000002900dc0c,69955f12000000000a02ba73,自己选了一个紫调猫眼,河北,1778304091000
6a0ac661000000002701dd1f,6a0a7b0e0000000036003e89,大拇指,浙江,1779091043000
6a1929fc000000002702d211,6a0a7b0e0000000036003e89,薄荷绿是哪个!求推荐[哇R],江苏,1780034044000
6a1048fe000000002a027698,6a0a7b0e0000000036003e89,已做[害羞R],湖南,1779452168000
6a0a8050000000002b0024d6,6a0a7b0e0000000036003e89,中指和小指是乳白色吗 还是浅蓝色,吉林,1779073104000
6a0b2b17000000002b026f20,6a0a7b0e0000000036003e89,会不会显黑,四川,1779116824000
6921d731000000003800a011,68b95c80000000001b037c74,[哭惹R]一点都不还原,辽宁,1763825460000
68c41edd000000003001c10d,68b95c80000000001b037c74,刚做,湖南,1757683424000
68cd14a200000000020140b9,68b95c80000000001b037c74,,安徽,1758270629000
68bcce4a000000003001551e,68b95c80000000001b037c74,请问这个是做了建构的吗？还是没有做啊？,广东,1757204042000
6a117a52000000002b02432c,68b95c80000000001b037c74,感觉还挺好看的，适合夏天去海边[偷笑R],江西,1779530323000
68d88870000000001a026694,6895f7580000000023039150,180[哭惹R],山东,1759021187000
697c915c0000000004000928,6895f7580000000023039150,89[doge],辽宁,1769771383000
689c2324000000003001da2d,6895f7580000000023039150,昨天拿这个图去做的，然后就得到了不太一样但是也还算好看的美甲,江苏,1755063079000
689a8afd000000002b02e253,6895f7580000000023039150,有细节图吗？,四川,1754958590000
68ce74aa000000000b0267bd,6895f7580000000023039150,[笑哭R]我做出来的188,广东,1758360755000
69f8a5a8000000002902dee3,69f1a666000000003700d0f0,按照这个做的，不满意[捂脸R],福建,1777903019000
69fee356000000002b001870,69f1a666000000003700d0f0,照着这个做的，自己做了一些改变,浙江,1778312024000
6a119512000000002b025be1,69f1a666000000003700d0f0,实物更亮[哭惹R],河南,1779537175000
69f351c2000000002702e5aa,69f1a666000000003700d0f0,一个星期前做的[偷笑R]259,上海,1777553862000
6a07ee81000000002803c2c3,69f1a666000000003700d0f0,有点崩了[哭惹R],山东,1778904707000
6a03c8e80000000027016349,69cb7599000000001d01f980,我的美甲师复刻出来了,广西,1778632939000
69cd0d920000000001007664,69cb7599000000001d01f980,图一太心动了[笑哭R][笑哭R]，做个图一怎么样哇,重庆,1775046035000
69f8d70e000000002803af3c,69cb7599000000001d01f980,图一做啦  我觉得效果还不错耶,新疆,1777915666000
69db9bc0000000003502dd27,69cb7599000000001d01f980,刚做了图1，觉得还不错,福建,1775999938000
69d0c556000000000202bec1,69cb7599000000001d01f980,我自己做的，可以给点建议吗[笑哭R],上海,1775289692000
67811beb000000001b03565d,6778f0d40000000013018463,好漂亮😍😍能不能出穿戴甲呀？[派对R][害羞R],广西,1736514540000
67ee036c000000001f006fa2,6778f0d40000000013018463,有没有无滤镜的,福建,1743651693000
68920bd200000000290281ec,6778f0d40000000013018463,自己做的好闪[微笑R],广西,1754401748000
677a710200000000110324c6,6778f0d40000000013018463,好好看哦 能不能做穿戴甲[哭惹R],浙江,1736077571000
67813db7000000001b03f4eb,6778f0d40000000013018463,感觉做我手上会很显手黑[哭惹R],天津,1736523192000
6a0e8ac10000000029010912,6a0d78200000000038037344,蓝色猫眼 KASI猫眼裸色甲油胶 23，食指 KASI小灯泡晶石猫眼胶 04，无名指 KASIKaSi星月集罐装猫眼胶 03，金色猫眼 KASI猫眼碎钻裸粉甲胶 103,广西,1779337922000
6a11289a0000000027028f19,6a0d78200000000038037344,能不能出个长款呀，真的好想出去玩的时候拍照,上海,1779509402000
6a1672aa0000000029012afc,6a0d78200000000038037344,好好看[哇R],广东,1779856042000
6a13c979000000002803975c,6a0d78200000000038037344,感觉这个特别适合hamilton的痛甲，适合那种不想ip太明显的[赞R],山东,1779681657000
6a0ed7280000000029012b07,6a0d78200000000038037344,这将是我的下一个美甲[暗中观察R]@涂涂兔,浙江,1779357481000
6a1785c40000000027016e4a,6a1583a20000000006022d3f,没做过，白活了！！,白俄罗斯,1779926468000
6a17e995000000002901ad0c,6a1583a20000000006022d3f,有穿戴甲么,北京,1779952022000
6a16b4bd00000000280382a3,6a1583a20000000006022d3f,球球戒指[皱眉R],云南,1779872957000
6a195b96000000002902f896,6a1583a20000000006022d3f,好清透的颜色,广东,1780046742000
6a181e0a00000000290245dc,6a1583a20000000006022d3f,要穿戴甲!,广东,1779965451000
68f59e0e000000003803d085,68f07b2e000000000301bace,求细节图,天津,1760927247000
69688e33000000000c016c44,68f07b2e000000000301bace,多少价格合适呢[害羞R],山东,1768459827000
692d298a000000001702cc68,68f07b2e000000000301bace,求细节图,湖北,1764567434000
694a05ce000000000f00edf8,68f07b2e000000000301bace,有清晰一点的图片吗,湖南,1766458830000
692d2128000000001d01c5f9,68f07b2e000000000301bace,求细节图,江西,1764565289000
68f9ed92000000003901e738,68eccc7b000000000701471d,超绝小短甲,云南,1761209748000
68f927e2000000003900555e,68eccc7b000000000701471d,最近今天做的，上班不让做，悄悄做裸色[大笑R],四川,1761159141000
68f8d2a70000000038025cb9,68eccc7b000000000701471d,之前都忍不住加猫眼之类的，做了一次纯色，真香了,山东,1761137321000
695dfad6000000001d02693f,68eccc7b000000000701471d,59，第一次做裸色，超棒,江苏,1767766744000
68fcaf010000000039033b16,68eccc7b000000000701471d,独爱裸色,江苏,1761390369000
6a0e8ac10000000029010912,6a0d78200000000038037344,蓝色猫眼 KASI猫眼裸色甲油胶 23，食指 KASI小灯泡晶石猫眼胶 04，无名指 KASIKaSi星月集罐装猫眼胶 03，金色猫眼 KASI猫眼碎钻裸粉甲胶 103,广西,1779337922000
6a11289a0000000027028f19,6a0d78200000000038037344,能不能出个长款呀，真的好想出去玩的时候拍照,上海,1779509402000
6a1672aa0000000029012afc,6a0d78200000000038037344,好好看[哇R],广东,1779856042000
6a13c979000000002803975c,6a0d78200000000038037344,感觉这个特别适合hamilton的痛甲，适合那种不想ip太明显的[赞R],山东,1779681657000
6a0ed7280000000029012b07,6a0d78200000000038037344,这将是我的下一个美甲[暗中观察R]@涂涂兔,浙江,1779357481000
69fd5c1a000000002803e186,691847bf0000000005003484,65.9,北京,1778211869000
6a0ffd4600000000290245cb,691847bf0000000005003484,么么哒[飞吻R],云南,1779432778000
69e4bc5a000000001401c02e,691847bf0000000005003484,,安徽,1776598108000
697471fb000000000600a6b6,691847bf0000000005003484,蓝色的甲油胶是什么牌子呀,四川,1769239035000
6979921f000000000601d490,691847bf0000000005003484,好好看[哇R],福建,1769574944000
6a1570a9000000002803df21,6a0aff7f00000000080036ab,在哪儿做的呀宝宝[色色R],四川,1779789994000
6a0f2351000000002803d968,6a0aff7f00000000080036ab,,四川,1779376985000
6a191488000000002803217b,6a0aff7f00000000080036ab,好漂亮[飞吻R],广东,1780028552000
6a19005b0000000021010db7,6a0aff7f00000000080036ab,宝，你的眼睛太美了,广东,1780023387000
6a18d07e00000000280095e1,6a0aff7f00000000080036ab,没错[回招呼],浙江,1780011134000
6a02e0b2000000002a033c8e,69ff12cb0000000035033239,戒指怎么买呀,吉林,1778573490000
6a035096000000002701db10,69ff12cb0000000035033239,已做，好看,浙江,1778602135000
6a01b7800000000027017ee5,69ff12cb0000000035033239,要戒指要戒指要戒指[笑哭R][笑哭R][笑哭R]链接🔗,辽宁,1778497408000
6a0ae3c9000000002800af3e,69ff12cb0000000035033239,这雾霾色好看[偷笑R],德国,1779098570000
6a141c590000000028039c69,69ff12cb0000000035033239,我的美甲师还原的[偷笑R],广东,1779702877000
6a129928000000002a0339d5,68a585fa000000001d028505,昨天做的，感觉挺好看的,吉林,1779603759000
6a104995000000002803f7e4,68a585fa000000001d028505,不错不错[害羞R],江西,1779452311000
6a1582d9000000002803f880,68a585fa000000001d028505,已做[害羞R][害羞R][害羞R][害羞R],重庆,1779794651000
69cbdc16000000000d034cf7,68a585fa000000001d028505,我的,广东,1774967832000
69ec73a4000000002b026fe0,68a585fa000000001d028505,第一次做挺好看,江苏,1777103784000
6a167b7f000000002a027b73,6a10353a000000000702145d,本甲还是甲片,河南,1779858304000
6a167dad000000002b0256c4,6a10353a000000000702145d,显黑吗,江苏,1779858861000
6a167eb6000000002b0028d4,6a10353a000000000702145d,夏天,天津,1779859126000
6a168636000000002902402f,6a10353a000000000702145d,好夏天的颜色，有底色吗,河南,1779861047000
6a1686e9000000002a02c0eb,6a10353a000000000702145d,详解图哦,广东,1779861227000
68a951fe000000003000e368,68a6b389000000001d00becb,橘朵眼影盘粉质超细腻不飞粉，28号盘一盘搞定全脸很方便 显色度也超棒！,江西,1755927039000
69699e580000000008032894,68a6b389000000001d00becb,有没有姐妹线下做的这款,安徽,1768529497000
68a870bb000000003001cfb4,68a6b389000000001d00becb,太美了,山西,1755869372000
694d325e000000000601a032,68a6b389000000001d00becb,好看,广西,1766666846000
6a0bee30000000002701c0b6,68a6b389000000001d00becb,好看的🤩,广东,1779166768000
6885cd6300000000060069c0,687f5779000000000d027d0a,刚做的,广东,1753599340000
6884ac760000000001022473,687f5779000000000d027d0a,,内蒙古,1753525367000
689499ab000000002b02043d,687f5779000000000d027d0a,这个是穿戴吗,广东,1754569132000
6a052d8a000000002803831e,687f5779000000000d027d0a,小县城 118 大家觉得值吗[暗中观察R],湖南,1778724236000
68949ab0000000002a002509,687f5779000000000d027d0a,好多巴胺的美甲啊 收藏收藏等我下次做[皱眉R],湖南,1754569392000
6a083f1c000000002701607e,691fe81b000000001e03bcd6,我的美甲师做完是这样的,吉林,1778925342000
69fa0a4a0000000027023416,691fe81b000000001e03bcd6,指尖蹭了魔镜粉吗宝子,福建,1777994315000
69e82aff000000001401bc15,691fe81b000000001e03bcd6,,河北,1776823063000
692946af000000003802ca24,691fe81b000000001e03bcd6,你在广东哪里，我要来找你做,广东,1764312751000
692b9857000000000e037bdb,691fe81b000000001e03bcd6,OMGOMG美到我心里去了,山东,1764464728000
6a032339000000002803c2e8,69f2fd4400000000230157f1,这个好可爱啊,四川,1778590522000
6a0671ee0000000029019768,69f2fd4400000000230157f1,卡哇伊呀[斜眼R],广东,1778807279000
69f5e0250000000027015261,69f2fd4400000000230157f1,能不能出一个纯渐变色的呀？[偷笑R],广东,1777721382000
6a13088e000000002902ec9a,69f2fd4400000000230157f1,奶呼呼的好可爱啊,浙江,1779632271000
69ff2cde000000002702eda9,69f2fd4400000000230157f1,礼貌拿[飞吻R],陕西,1778330846000
69fc59ac000000002803e43e,69daf7ce0000000021012ef8,好看的很呀,河北,1778145708000
6a007cf2000000002a02c4d5,69daf7ce0000000021012ef8,喜欢这种款式,广东,1778416882000
69f734ce0000000027020a00,69daf7ce0000000021012ef8,很适合夏天，穿同色系裙子！,河南,1777808591000
69fab0250000000029037a25,69daf7ce0000000021012ef8,在哪买,云南,1778036773000
69f80b91000000002a03232d,69daf7ce0000000021012ef8,好夏天呀,广东,1777863570000
6a15a5ef0000000028034caa,6a0c1eb000000000370346e7,这个怎么拍的呀,吉林,1779803631000
6a1962f5000000002803e816,6a0c1eb000000000370346e7,好看薯了[哇R],广东,1780048629000
6a0c27b6000000002900f2a4,6a0c1eb000000000370346e7,可以看细节图吗[害羞R],广东,1779181495000
6a194a70000000002702027d,6a0c1eb000000000370346e7,人美,上海,1780042352000
6a179e1a0000000028033a25,6a0c1eb000000000370346e7,必須要存起來,广东,1779932699000
6a196615000000002803da60,69cc70600000000023004397,好好看,陕西,1780049430000
6a0bee55000000002702a2e9,69cc70600000000023004397,好看的🤩,广东,1779166805000
6a102a47000000002701e612,69cc70600000000023004397,好高级这个,广东,1779444295000
6a13f27e0000000028033b9d,69cc70600000000023004397,这种算手绘吗,湖南,1779692159000
6a0fba8a000000002803c20a,69cc70600000000023004397,好贵气,浙江,1779415691000
6a0c46e8000000002901a0e9,6a054cc6000000003703516a,求一双手的细节图[笑哭R],江西,1779189481000
6a16658d000000002a026cc4,6a054cc6000000003703516a,有细节图吗？想做这个[哇R],安徽,1779852685000
6a0ea39d000000002900e2e4,6a054cc6000000003703516a,会不会显黑呀,山东,1779344285000
6a1569610000000029010576,6a054cc6000000003703516a,请问一下猫眼链接,广西,1779788130000
6a0d5d83000000002803c354,6a054cc6000000003703516a,宝子这款适合手黑的人做吗,四川,1779260803000
69c56546000000000d03fc98,69c22f7b000000002102dccf,姐妹，你的手型太好看了，什么款都适合[飞吻R],广东,1774544198000
69fb0156000000002a02d4fb,69c22f7b000000002102dccf,好漂亮,四川,1778057559000
69c7b0b4000000000202944b,69c22f7b000000002102dccf,昨晚刚刚做好[大笑R],安徽,1774694582000
69c236e1000000001d009a15,69c22f7b000000002102dccf,太好看了,安徽,1774335713000
69d5b4810000000014008636,69c22f7b000000002102dccf,做了同款[害羞R],广东,1775613059000
69ec895e00000000270158d7,69eaf91c000000001901e004,用完瞬间清爽又干净，体验感直接拉满，真的一用就爱上离不开！៷>ᴗ<៷,上海,1777109347000
69fcb93c000000002b02a433,69eaf91c000000001901e004,真的好美，能不能出穿戴甲呀？,广东,1778170173000
69f1e645000000002a00459d,69eaf91c000000001901e004,这个食指和小拇指的猫眼也是蓝色的吗,江苏,1777460805000
69ecbdbc000000002a02d560,69eaf91c000000001901e004,老师戒指有链接吗，看中戒指了[萌萌哒R],浙江,1777122749000
69fb1499000000002702982b,69eaf91c000000001901e004,手指漂亮,广东,1778062490000
69e3bc71000000001401c00c,69dddbcc0000000021011c74,,浙江,1776532600000
69e202d8000000001401dc29,69dddbcc0000000021011c74,宝宝 什么发色啊[偷笑R],广东,1776419545000
69ee18a20000000029013bea,69dddbcc0000000021011c74,美丽,广东,1777211554000
69ef215b000000002702d157,69dddbcc0000000021011c74,这发色太美了,广东,1777279324000
69e76b2c0000000014018819,69dddbcc0000000021011c74,这个真的纯欲风拉满啊   是ai的吗,北京,1776773932000
69c7970d000000000103fa5e,69c3380e000000001a023109,大拇指有细节图吗[害羞R][害羞R],四川,1774688014000
69c368c000000000090346d3,69c3380e000000001a023109,大拇指有细节图嘛[哇R],江苏,1774414017000
69d45197000000000f02506a,69c3380e000000001a023109,没拍细节图，整体效果差不多。,湖北,1775522199000
69c6e7ed00000000180233be,69c3380e000000001a023109,你好，大拇指有细节图吗？[大笑R],美国,1774643182000
69ce1cf60000000002029c57,69c3380e000000001a023109,太好看啦,山西,1775115510000
6a1901d1000000002702f22f,68a6a1cf000000001b03e775,好看呀,山东,1780023761000
6a0cf6cd000000002b029025,68a6a1cf000000001b03e775,喜欢图三  好看好看,河南,1779234509000
6a0a763b0000000027016edf,68a6a1cf000000001b03e775,好看🤩,广东,1779070524000
6a116be40000000027014c9f,68a6a1cf000000001b03e775,好看,湖南,1779526629000
6a0a96e10000000029018b4c,68a6a1cf000000001b03e775,好看,广东,1779078882000
6a123dfb000000002701c56d,6a106184000000003700d631,周五刚做的,湖南,1779580412000
6a146b28000000002901814f,6a106184000000003700d631,做完了，来汇报成果[害羞R],广西,1779723090000
6a11d987000000002701caa0,6a106184000000003700d631,我的手不好看  但不妨碍这个美甲做出来效果真好看,河南,1779554698000
6a12b2ac0000000027023a7d,6a106184000000003700d631,好看,江苏,1779610285000
6a11b53d000000002b029923,6a11884f00000000070237d6,我也做了[doge],安徽,1779545407000
6a16e8e1000000002701ee24,6a11884f00000000070237d6,118后悔了[哭惹R],安徽,1779886372000
6a169b390000000028030b22,6a11884f00000000070237d6,怎么买,安徽,1779866425000
6a16fa6e000000002702ada7,6a11884f00000000070237d6,怎么买,河南,1779890798000
6a12da450000000028031056,6a11884f00000000070237d6,小煤球[笑哭R]还真别说有点好看,山东,1779620422000
69f72f29000000002b000ea0,69f72ee2000000001a02ce47,这期可爱值拉爆了[派对R][派对R][派对R],贵州,1777807146000
6a163c7d0000000028034d3b,69f72ee2000000001a02ce47,可爱 好看,安徽,1779842173000
6a17a65d0000000028036d4f,69f72ee2000000001a02ce47,哇好Q,北京,1779934814000
69fca935000000002a0074fe,69f72ee2000000001a02ce47,可爱，过两天做这个,北京,1778166069000
6a12520c000000002803e31b,69f72ee2000000001a02ce47,怪可爱,河北,1779585548000
69ce1e460000000015015ec7,69ccf2040000000022028076,类似款，要是早一天看到你的就好了，太好了呢,福建,1775115848000
6a0af0090000000029026232,69ccf2040000000022028076,好看,广东,1779101705000
6a0e205600000000270143d1,69ccf2040000000022028076,求大拇指图,湖南,1779310678000
69e78b55000000001401d81a,69ccf2040000000022028076,这种要做建构吗？,广东,1776782165000
69ff6496000000002702b25c,69ccf2040000000022028076,非常满意,广东,1778345112000
6a16ae22000000002902fe1b,69c9d419000000002103986a,我与这张图的距离是差双手,河北,1779871267000
6a0da9e000000000280389f2,69c9d419000000002103986a,好漂亮,山东,1779280353000
69eedde40000000028037437,69c9d419000000002103986a,这款好温柔,江西,1777262052000
69da0275000000001500219c,69c9d419000000002103986a,喜欢,四川,1775895157000
69e2e8650000000014019809,69c9d419000000002103986a,这是几幅不同的吗[笑哭R],云南,1776478309000
6a0bff2000000000290180b6,6a04794400000000060323de,朋友做的图一，显白,广东,1779171111000
6a072cd60000000029035e32,6a04794400000000060323de,1好,广东,1778855129000
6a13f7ed000000002901ad67,6a04794400000000060323de,我特别喜欢这种简单半手绘短甲 这款才39.9[doge],安徽,1779693554000
6a0662eb000000002a025584,6a04794400000000060323de,类似一,海南,1778803440000
6a0597a90000000029024455,6a04794400000000060323de,1.2，做1.2这种怎么和美甲师说[暗中观察R],广西,1778751402000
68e21b7e0000000030024c24,68e20d380000000003013d9b,我的天，好美好美 果然评论区的你们不会骗人 我就是从评论区中被种草的 美丽这一块不用多说直接看图,广西,1757066802000
68e9d672000000003803d67e,68e20d380000000003013d9b,,山西,1760155252000
68ea4671000000003900418e,68e20d380000000003013d9b,真的很美丽了 不过不是这个,湖南,1760183925000
68e21b79000000003102eb0e,68e20d380000000003013d9b,我是真的没想到八块八的穿戴甲能这么自然，，正常社交距离就是温柔嬛嬛甲片。然后这个猫眼一点也不会发灰。爱了,安徽,1753871888000
68e9c0530000000038030075,68e20d380000000003013d9b,超好看哇,江苏,1760149592000
69390f1d000000001403d498,6936c776000000001b02312e,第1个图我的美甲师说那是ai画不了,湖北,1765347101000
698abf3d000000000c0169ea,6936c776000000001b02312e,图一的拇指是怎么样的呢，可以发一下图吗,广东,1770700605000
6a142e5e000000000d022802,6936c776000000001b02312e,图二效果图,日本,1779707488000
6936e81d0000000014037ef8,6936c776000000001b02312e,4有原图吗,宁夏,1765206046000
6938eff4000000003802ea96,6936c776000000001b02312e,1大拇指有细节图吗,山东,1765339124000
6a0e88950000000029034f9d,6a0d22d3000000000603289b,这两个款为啥一模一样只是换了个颜色呀,北京,1779337366000
6a11bd5300000000270148d9,6a0d22d3000000000603289b,好类似哈哈哈,山东,1779547479000
6a193da80000000029019cd3,6a0d22d3000000000603289b,好闪[萌萌哒R],浙江,1780039081000
6a18f3d7000000002902695f,6a0d22d3000000000603289b,宝 你这种猫眼是什么吸法呀 好好看,广东,1780020183000
6a158707000000002800bb97,6a0d22d3000000000603289b,,河南,1779795726000
69deef4b0000000001006d4d,69b7c8240000000020038f00,好好看[赞R],陕西,1776217932000
69bea5d50000000018021847,69b7c8240000000020038f00,这个海星怎么买 姐妹,广西,1774101973000
69c101bb0000000032000e2a,69b7c8240000000020038f00,好漂亮,浙江,1774256572000
69c11be9000000001501757b,69b7c8240000000020038f00,好好看,福建,1774263273000
69c23076000000000f01c155,69b7c8240000000020038f00,超级好看[点赞R],河北,1774334071000
69b3e27f0000000015008c93,69b3e23d000000002103a258,茉哉纯手工定制美甲可拆卸 同款穿戴甲哦[红色心形R],广东,1773396607000
69c28ebf0000000015006bf0,69b3e23d000000002103a258,可以报警了嘛[哭惹R][哭惹R][哭惹R],河南,1774358215000
6a12dc5e000000002702db70,69b3e23d000000002103a258,成功上岸[飞吻R],广西,1779620959000
69d9fa89000000000d035df6,69b3e23d000000002103a258,[微笑R]精致小女人,湖北,1775893129000
69eb8387000000002a02cb2c,69b3e23d000000002103a258,美甲师把食指和无名指稍微改了一下，看不出来咋涂的那个层，那个白色的线还得细好看，无美颜和加美颜的,安徽,1777042313000
6a164a27000000002a02f828,69ca5aa9000000001a02e3e0,这个彩带是猫眼吸的还是画的,北京,1779845671000
69cbd40a00000000140099bc,69ca5aa9000000001a02e3e0,真的很漂亮！,天津,1774965782000
6a11bda3000000002902771d,69ca5aa9000000001a02e3e0,做了个鸳鸯[doge],北京,1779547557000
69cda1930000000016014a77,69ca5aa9000000001a02e3e0,我的觉得怎么样？[偷笑R],广东,1775083924000
69d51193000000001d00e5e5,69ca5aa9000000001a02e3e0,狠狠心动了，求同款,福建,1775571348000
6a1962560000000027014800,69d62b000000000023010380,[飞吻R]吧 满屏幕8到家了咯啊 [doge]替你爱么,贵州,1780048470000
69e73434000000001401cc11,69d62b000000000023010380,刚做了第一个,河南,1776759860000
69d72a94000000000103dd37,69d62b000000000023010380,粉嫩粉嫩的，好喜欢,湖南,1775708821000
6a0efef3000000002902fd2d,69d62b000000000023010380,这种是本甲还是贴的呀,重庆,1779367668000
69e4d65f000000001401cc15,69d62b000000000023010380,粉嫩粉嫩的，超好看,四川,1776604767000
69303cff00000000310032f0,692bbcaa000000001b0233b4,特别好看,广东,1764678314000
694f6148000000000f01e107,692bbcaa000000001b0233b4,？什么意思，怎么可以下架了[哭惹R][哭惹R][哭惹R][哭惹R],广东,1766809929000
693e28040000000038031e5c,692bbcaa000000001b0233b4,@灯灯大王 又想做美甲了,湖南,1765681156000
692bbcdd000000003102d355,692bbcaa000000001b0233b4,美丽美丽，大小刚好，8.8里面最喜欢这两幅哎呀捡到宝了！,湖南,1762441462000
694e718d000000001600eb08,692bbcaa000000001b0233b4,没有长款的吗[哭惹R][哭惹R],广西,1766748557000
69e1c8060000000014019800,69d92f330000000023005c1f,"进群啦宝宝们[哇R] 9【复制口令，回薯薯APP】 限时至5月15日，""吱吱的美甲分享群""共同探讨区 MU5363 :/#b🐤😬🍐🍎😆🍅🍖🐼🍍😏🐱🌽",广东,1776404486000
69db44e5000000000202b523,69d92f330000000023005c1f,好透啊，是美甲师做的还是甲片呀？,广西,1775977701000
69e954b5000000001401a407,69d92f330000000023005c1f,这冰透感 绝啦,上海,1776899253000
69ddbc41000000001500a9fd,69d92f330000000023005c1f,有链接嘛,江苏,1776139329000
69e3a330000000001401a812,69d92f330000000023005c1f,好好看[色色R],上海,1776526129000
6a1846f40000000028033c78,69f839ad00000000380235b9,美甲下午做完啦～很貌美 我在山东滕州 一起的姐妹可以来这个店做（具体位置在定位）店主技术挺高超的 花雕的很精致 个人觉得比较还原了 帖子留给大家讨论美甲啦[害羞R][萌萌哒R],山东,1779975927000
69f97aba000000002702a088,69f839ad00000000380235b9,199[萌萌哒R],广东,1777957564000
69f8e7b6000000002803188a,69f839ad00000000380235b9,300出头,湖北,1777919929000
69f89657000000002702e828,69f839ad00000000380235b9,我也刚做完这款 268,河北,1777899098000
69f8abac0000000029010691,69f839ad00000000380235b9,,江苏,1777904565000
6a0c1e480000000028039508,6a0b18b1000000003601e8e7,Dorryla多莉坠入梦境碎钻猫眼 粉色72，食指和无名指69,广西,1779179080000
6a0bdd80000000002702a795,6a0b18b1000000003601e8e7,显黑吗,河北,1779162497000
6a18e300000000002800be6f,6a0b18b1000000003601e8e7,超好看,江苏,1780015872000
6a0b193e000000002803b31b,6a0b18b1000000003601e8e7,这次是粉色系[偷笑R]，下次出个紫色系,广西,1779112255000
6a0313ce000000002803c3f9,69d46328000000001d019b17,我的,陕西,1778586577000
69d9f87a0000000002035968,69d46328000000001d019b17,,吉林,1775892604000
6a179cbd000000002901027c,69d46328000000001d019b17,我给顾顾客的。修图和不修的区别,河南,1779932350000
69eb14c9000000001401bc30,69d46328000000001d019b17,我的美甲师给我的[微笑R],山东,1777013964000
69e19e2e000000001401c014,69d46328000000001d019b17,好看,广东,1776393774000
6a12bd56000000002803203c,6a12b1dc0000000035031abb,手链好好看啊，求求,河南,1779613014000
6a12f049000000002b02807c,6a12b1dc0000000035031abb,什么颜色,上海,1779626058000
6a13dca4000000002902d49c,6a12b1dc0000000035031abb,好漂亮[飞吻R],广东,1779686564000
6a1399bc000000002701ca3a,6a12b1dc0000000035031abb,戒指和手链[偷笑R],海南,1779669436000
6a12cd550000000028036ce3,6a12b1dc0000000035031abb,姐妹手链戒指是18k吗？,广东,1779617109000
69ede246000000002a02752d,69d0e4aa000000001f00336d,很好看[点赞R],山东,1777197642000
69e2008c000000001401a416,69d0e4aa000000001f00336d,好好看 蹲一蹲出来了可以叫我嘛,北京,1776418957000
69dc93f6000000003500bc54,69d0e4aa000000001f00336d,姐姐可以推一下这个猫眼和底色吗我好喜欢[偷笑R]想要拥有,广东,1776063478000
69d11d14000000000d03cde6,69d0e4aa000000001f00336d,什么时候出,广东,1775312149000
69df115c000000003502e695,69d0e4aa000000001f00336d,@1.,河南,1776226653000
68f247f80000000038005759,68dcecd6000000000301f88f,康康大拇指！[害羞R],云南,1760708600000
691702fe00000000390047a1,68dcecd6000000000301f88f,@一里ovo 宝宝这个！！,甘肃,1763115774000
69f60e0c000000002902dea5,69f49fa0000000002003b43a,问一下大拇指,湖北,1777733134000
6a18a772000000002800a3e6,69f49fa0000000002003b43a,选择综合症犯了[偷笑R][偷笑R][偷笑R],湖北,1780000627000
6a105a9c0000000027023673,69f49fa0000000002003b43a,姐妹想问问蓝色和粉色分别是哪个色号呀,湖北,1779456668000
69f6055f000000002a005b50,69f49fa0000000002003b43a,好适合夏天的感觉,四川,1777730912000
6a101553000000002800ada7,69f49fa0000000002003b43a,好清新呐,四川,1779438931000
69e1c8060000000014019800,69d92f330000000023005c1f,"进群啦宝宝们[哇R] 9【复制口令，回薯薯APP】 限时至5月15日，""吱吱的美甲分享群""共同探讨区 MU5363 :/#b🐤😬🍐🍎😆🍅🍖🐼🍍😏🐱🌽",广东,1776404486000
69db44e5000000000202b523,69d92f330000000023005c1f,好透啊，是美甲师做的还是甲片呀？,广西,1775977701000
69e954b5000000001401a407,69d92f330000000023005c1f,这冰透感 绝啦,上海,1776899253000
69ddbc41000000001500a9fd,69d92f330000000023005c1f,有链接嘛,江苏,1776139329000
69e3a330000000001401a812,69d92f330000000023005c1f,好好看[色色R],上海,1776526129000
6a1846f40000000028033c78,69f839ad00000000380235b9,美甲下午做完啦～很貌美 我在山东滕州 一起的姐妹可以来这个店做（具体位置在定位）店主技术挺高超的 花雕的很精致 个人觉得比较还原了 帖子留给大家讨论美甲啦[害羞R][萌萌哒R],山东,1779975927000
69f97aba000000002702a088,69f839ad00000000380235b9,199[萌萌哒R],广东,1777957564000
69f8e7b6000000002803188a,69f839ad00000000380235b9,300出头,湖北,1777919929000
69f855cc000000002803a80a,69f839ad00000000380235b9,169加建构  感觉百分之九十五还原了 拍的不好感觉大拇指有点奇怪[笑哭R],江苏,1777882576000
69f841f10000000029012b3a,69f839ad00000000380235b9,要看做得怎么样了，做得好的话这个价格是可以的。,江西,1777877490000
6a0c1e480000000028039508,6a0b18b1000000003601e8e7,Dorryla多莉坠入梦境碎钻猫眼 粉色72，食指和无名指69,广西,1779179080000
6a0bdd80000000002702a795,6a0b18b1000000003601e8e7,显黑吗,河北,1779162497000
6a18e300000000002800be6f,6a0b18b1000000003601e8e7,超好看,江苏,1780015872000
6a0b193e000000002803b31b,6a0b18b1000000003601e8e7,这次是粉色系[偷笑R]，下次出个紫色系,广西,1779112255000
6a050f8b000000002a026ef0,69fddad000000000360013de,太ai了吧…最后一张图全是bug………,韩国,1778716556000
6a0313ce000000002803c3f9,69d46328000000001d019b17,我的,陕西,1778586577000
69d9f87a0000000002035968,69d46328000000001d019b17,,吉林,1775892604000
6a179cbd000000002901027c,69d46328000000001d019b17,我给顾顾客的。修图和不修的区别,河南,1779932350000
69eb14c9000000001401bc30,69d46328000000001d019b17,我的美甲师给我的[微笑R],山东,1777013964000
69e19e2e000000001401c014,69d46328000000001d019b17,好看,广东,1776393774000
69ede246000000002a02752d,69d0e4aa000000001f00336d,很好看[点赞R],山东,1777197642000
69e2008c000000001401a416,69d0e4aa000000001f00336d,好好看 蹲一蹲出来了可以叫我嘛,北京,1776418957000
69dc93f6000000003500bc54,69d0e4aa000000001f00336d,姐姐可以推一下这个猫眼和底色吗我好喜欢[偷笑R]想要拥有,广东,1776063478000
69d11d14000000000d03cde6,69d0e4aa000000001f00336d,什么时候出,广东,1775312149000
69df115c000000003502e695,69d0e4aa000000001f00336d,@1.,河南,1776226653000
68f247f80000000038005759,68dcecd6000000000301f88f,康康大拇指！[害羞R],云南,1760708600000
691702fe00000000390047a1,68dcecd6000000000301f88f,@一里ovo 宝宝这个！！,甘肃,1763115774000
68c8befe0000000030015c10,68c54c57000000001c0058e7,简直和我的茶杯绝搭,河南,1757986572000
68cac68900000000020169e8,68c54c57000000001c0058e7,照着你的做的但是差距有点大[笑哭R],新疆,1758119562000
6989ca80000000000600d780,68c54c57000000001c0058e7,做了！！好好看[萌萌哒R][萌萌哒R],云南,1770637953000
68d0d8ef000000003000eea0,68c54c57000000001c0058e7,绝美,四川,1758517488000
68da812d0000000038033873,68c54c57000000001c0058e7,有价格表吗,河南,1759150382000
69f60e0c000000002902dea5,69f49fa0000000002003b43a,问一下大拇指,湖北,1777733134000
6a18a772000000002800a3e6,69f49fa0000000002003b43a,选择综合症犯了[偷笑R][偷笑R][偷笑R],湖北,1780000627000
6a105a9c0000000027023673,69f49fa0000000002003b43a,姐妹想问问蓝色和粉色分别是哪个色号呀,湖北,1779456668000
69f6055f000000002a005b50,69f49fa0000000002003b43a,好适合夏天的感觉,四川,1777730912000
6a101553000000002800ada7,69f49fa0000000002003b43a,好清新呐,四川,1779438931000
6a0abfe60000000027020361,69761054000000001a037e3f,做出来是这样的,江西,1779089384000
6a0b2fce000000000d022c00,69761054000000001a037e3f,想问在哪里做的,马来西亚,1779118031000
69c74d5e000000000202bec4,69761054000000001a037e3f,,广东,1774669154000
6a07199e0000000028039855,69761054000000001a037e3f,做家务适合吗,贵州,1778850207000
698a8d2f00000000090214ac,69761054000000001a037e3f,你好，怎么下单,广西,1770687792000
69c75378000000001d00d90d,69b69c3a0000000028009a19,2个笔记同款商品,陕西,1774670713000
6a12738b000000002702b3f0,69b69c3a0000000028009a19,,江苏,1779594130000
69eff1620000000029013446,69b69c3a0000000028009a19,[doge],广东,1777332580000
69d0b4540000000009006d79,69b69c3a0000000028009a19,好看,福建,1775285334000
69eb5ad4000000002a02ee8b,69b69c3a0000000028009a19,海行吧,重庆,1777031896000
69fefbb10000000028034e61,69dd4733000000001f006a44,能做出来[萌萌哒R]，但是中间紫色那部分叠出来颜色有点深，感觉可以换浅色一点的底色，不过还是挺满意的[偷笑R],广东,1778318259000
69e51914000000001401d80e,69dd4733000000001f006a44,这个前面蓝色部分是带一点猫眼吗,上海,1776621845000
69dded97000000003500afbc,69dd4733000000001f006a44,有没有人做同框啊，好好看，怕美甲师做不出来,湖北,1776151960000
69df8e6c0000000035014f97,69dd4733000000001f006a44,有链接吗,江西,1776258668000
69e6f993000000001401a814,69dd4733000000001f006a44,这款美甲真的太戳我了！整体是温柔又治愈的日系小清新风格，简约干净又不失精致感，完全不挑肤色，上手瞬间显得手指纤细又白皙[害羞R],云南,1776744851000
69df1a4500000000150078d5,69cfdb950000000022003ffc,"本笔记除第一张图片外,其余图片均为本人原创实拍，禁止搬运、盗图、二次商用如果喜欢我的内容，欢迎正常点赞、收藏、评论交流，如需转载请先私信授权，感谢尊重原创✨,已经发现有人盗图了,如若再次发现我会合理的维护自身权益,谢谢各位的喜欢与理解！！！",江西,1776228933000
6a1694ee000000000d023000,69cfdb950000000022003ffc,返一个,西班牙,1779864821000
69dd06a20000000015004925,69cfdb950000000022003ffc,我的[偷笑R],浙江,1776092836000
69ec5edf000000002701f7d8,69cfdb950000000022003ffc,昨晚新鲜出炉[害羞R],陕西,1777098465000
6a194068000000002702be6a,69cfdb950000000022003ffc,我的[doge],江西,1780039785000
