style_id,style_name,category,price_level,true_state,base_popularity
S0001,Nail Style 0001,rhinestone,low,Stable,140.71
S0002,Nail Style 0002,gradient,high,HotUp,223.347
S0003,Nail Style 0003,handpaint,low,Cold_AfterTryon,122.628
S0004,Nail Style 0004,cat_eye,mid,Untested,9.165
S0005,Nail Style 0005,cat_eye,mid,Stable,75.563
S0006,Nail Style 0006,handpaint,mid,Stable,99.176
S0007,Nail Style 0007,cat_eye,low,Cold_FirstLook,47.765
S0008,Nail Style 0008,solid,mid,Potential,33.284
S0009,Nail Style 0009,french,mid,HotUp,52.886
S0010,Nail Style 0010,handpaint,mid,HotUp,96.446
S0011,Nail Style 0011,handpaint,mid,Cold_AfterTryon,41.305
S0012,Nail Style 0012,french,mid,Cold_AfterTryon,120.049
S0013,Nail Style 0013,handpaint,low,Cold_AfterTryon,99.289
S0014,Nail Style 0014,rhinestone,mid,Stable,88.183
S0015,Nail Style 0015,rhinestone,low,Cold_Detail,149.388
S0016,Nail Style 0016,rhinestone,high,Cold_AfterTryon,175.797
S0017,Nail Style 0017,cat_eye,mid,ColdDown,78.329
S0018,Nail Style 0018,gradient,mid,Stable,94.993
S0019,Nail Style 0019,gradient,low,Cold_Detail,183.678
S0020,Nail Style 0020,gradient,mid,Cold_AfterTryon,167.531
S0021,Nail Style 0021,rhinestone,low,HotUp,102.807
S0022,Nail Style 0022,rhinestone,low,Cold_AfterTryon,182.574
S0023,Nail Style 0023,solid,high,Cold_AfterTryon,251.672
S0024,Nail Style 0024,handpaint,mid,Cold_Detail,170.027
S0025,Nail Style 0025,solid,mid,Cold_AfterWant,85.733
S0026,Nail Style 0026,handpaint,low,Stable,163.607
S0027,Nail Style 0027,solid,mid,Stable,59.32
S0028,Nail Style 0028,cat_eye,low,Cold_FirstLook,76.877
S0029,Nail Style 0029,handpaint,low,Potential,5.018
S0030,Nail Style 0030,solid,mid,Stable,212.339
S0031,Nail Style 0031,cat_eye,high,Stable,80.335
S0032,Nail Style 0032,handpaint,low,Cold_Detail,101.263
S0033,Nail Style 0033,solid,low,Untested,3.322
S0034,Nail Style 0034,french,mid,Cold_FirstLook,68.7
S0035,Nail Style 0035,cat_eye,low,HotUp,289.409
S0036,Nail Style 0036,solid,low,Stable,112.044
S0037,Nail Style 0037,solid,high,Stable,137.138
S0038,Nail Style 0038,cat_eye,low,Cold_AfterTryon,85.02
S0039,Nail Style 0039,cat_eye,mid,Cold_AfterWant,147.272
S0040,Nail Style 0040,handpaint,high,Untested,9.965
S0041,Nail Style 0041,gradient,high,Stable,166.319
S0042,Nail Style 0042,solid,low,ColdDown,126.978
S0043,Nail Style 0043,french,mid,Stable,66.479
S0044,Nail Style 0044,solid,mid,Untested,5.179
S0045,Nail Style 0045,gradient,mid,Cold_Detail,48.555
S0046,Nail Style 0046,gradient,mid,HotUp,145.939
S0047,Nail Style 0047,gradient,mid,Cold_FirstLook,35.679
S0048,Nail Style 0048,cat_eye,low,Cold_Detail,55.318
S0049,Nail Style 0049,cat_eye,high,Cold_Detail,184.074
S0050,Nail Style 0050,handpaint,mid,Stable,140.661
S0051,Nail Style 0051,rhinestone,mid,Cold_AfterWant,101.98
S0052,Nail Style 0052,french,mid,Stable,118.383
S0053,Nail Style 0053,handpaint,mid,HotUp,133.867
S0054,Nail Style 0054,french,mid,Stable,194.204
S0055,Nail Style 0055,french,high,Stable,191.369
S0056,Nail Style 0056,french,low,ColdDown,46.541
S0057,Nail Style 0057,handpaint,high,Stable,142.377
S0058,Nail Style 0058,french,mid,Stable,45.91
S0059,Nail Style 0059,handpaint,mid,Untested,16.477
S0060,Nail Style 0060,handpaint,mid,HotUp,22.297
S0061,Nail Style 0061,solid,mid,Stable,136.985
S0062,Nail Style 0062,solid,mid,HotUp,64.07
S0063,Nail Style 0063,french,mid,Potential,34.175
S0064,Nail Style 0064,solid,mid,Stable,65.608
S0065,Nail Style 0065,solid,mid,Stable,73.177
S0066,Nail Style 0066,french,low,Stable,119.132
S0067,Nail Style 0067,rhinestone,mid,Cold_Detail,149.043
S0068,Nail Style 0068,gradient,mid,Stable,138.362
S0069,Nail Style 0069,rhinestone,mid,HotUp,165.688
S0070,Nail Style 0070,french,mid,Stable,80.428
S0071,Nail Style 0071,french,mid,Cold_Detail,115.437
S0072,Nail Style 0072,french,low,Cold_AfterTryon,154.769
S0073,Nail Style 0073,solid,low,Stable,115.117
S0074,Nail Style 0074,solid,mid,Cold_AfterWant,126.094
S0075,Nail Style 0075,french,mid,Stable,70.943
S0076,Nail Style 0076,solid,mid,Stable,145.121
S0077,Nail Style 0077,rhinestone,mid,Stable,95.1
S0078,Nail Style 0078,gradient,high,Cold_AfterTryon,27.324
S0079,Nail Style 0079,handpaint,mid,Stable,45.154
S0080,Nail Style 0080,cat_eye,low,Cold_AfterTryon,153.574
S0081,Nail Style 0081,rhinestone,high,Stable,16.784
S0082,Nail Style 0082,cat_eye,high,HotUp,134.379
S0083,Nail Style 0083,french,mid,Cold_FirstLook,98.738
S0084,Nail Style 0084,cat_eye,mid,Stable,85.817
S0085,Nail Style 0085,handpaint,mid,Potential,30.949
S0086,Nail Style 0086,gradient,mid,ColdDown,112.659
S0087,Nail Style 0087,french,mid,Stable,112.162
S0088,Nail Style 0088,rhinestone,low,Stable,201.231
S0089,Nail Style 0089,solid,mid,Untested,6.274
S0090,Nail Style 0090,solid,mid,Cold_FirstLook,173.069
S0091,Nail Style 0091,rhinestone,mid,Cold_FirstLook,96.557
S0092,Nail Style 0092,rhinestone,high,Cold_AfterTryon,171.496
S0093,Nail Style 0093,solid,mid,Stable,199.143
S0094,Nail Style 0094,handpaint,high,Stable,109.674
S0095,Nail Style 0095,rhinestone,high,HotUp,134.161
S0096,Nail Style 0096,solid,low,Cold_FirstLook,78.717
S0097,Nail Style 0097,handpaint,mid,Untested,5.944
S0098,Nail Style 0098,solid,high,HotUp,97.579
S0099,Nail Style 0099,french,low,Stable,72.048
S0100,Nail Style 0100,french,mid,Stable,41.395
S0101,Nail Style 0101,cat_eye,mid,HotUp,63.806
S0102,Nail Style 0102,rhinestone,low,Cold_AfterTryon,258.89
S0103,Nail Style 0103,handpaint,high,HotUp,28.863
S0104,Nail Style 0104,cat_eye,mid,HotUp,130.498
S0105,Nail Style 0105,cat_eye,high,Cold_AfterTryon,105.769
S0106,Nail Style 0106,french,low,Cold_AfterWant,121.598
S0107,Nail Style 0107,gradient,mid,Cold_AfterTryon,78.053
S0108,Nail Style 0108,french,mid,Potential,16.32
S0109,Nail Style 0109,solid,low,Stable,69.63
S0110,Nail Style 0110,solid,mid,Cold_Detail,106.56
S0111,Nail Style 0111,french,high,Cold_AfterWant,81.188
S0112,Nail Style 0112,handpaint,mid,Cold_Detail,73.943
S0113,Nail Style 0113,handpaint,mid,Cold_AfterWant,373.355
S0114,Nail Style 0114,solid,high,Stable,250.246
S0115,Nail Style 0115,french,mid,HotUp,213.4
S0116,Nail Style 0116,solid,mid,Cold_AfterWant,285.874
S0117,Nail Style 0117,cat_eye,mid,Cold_FirstLook,122.235
S0118,Nail Style 0118,french,mid,Cold_FirstLook,47.877
S0119,Nail Style 0119,cat_eye,mid,Stable,71.965
S0120,Nail Style 0120,solid,low,Stable,163.311
S0121,Nail Style 0121,french,mid,Cold_AfterTryon,88.783
S0122,Nail Style 0122,french,mid,Cold_AfterWant,99.827
S0123,Nail Style 0123,handpaint,mid,Stable,52.328
S0124,Nail Style 0124,cat_eye,mid,HotUp,44.952
S0125,Nail Style 0125,solid,high,HotUp,109.411
S0126,Nail Style 0126,handpaint,low,Stable,119.712
S0127,Nail Style 0127,gradient,mid,HotUp,248.696
S0128,Nail Style 0128,handpaint,mid,ColdDown,47.05
S0129,Nail Style 0129,solid,low,Cold_AfterTryon,30.853
S0130,Nail Style 0130,french,mid,Stable,67.043
S0131,Nail Style 0131,cat_eye,mid,Stable,46.167
S0132,Nail Style 0132,french,mid,Cold_FirstLook,235.424
S0133,Nail Style 0133,solid,mid,Stable,296.105
S0134,Nail Style 0134,rhinestone,mid,Stable,71.223
S0135,Nail Style 0135,handpaint,mid,Cold_AfterWant,43.759
S0136,Nail Style 0136,gradient,mid,ColdDown,125.326
S0137,Nail Style 0137,solid,high,Stable,103.419
S0138,Nail Style 0138,handpaint,low,Potential,36.258
S0139,Nail Style 0139,gradient,high,Cold_Detail,120.803
S0140,Nail Style 0140,solid,mid,Potential,7.941
S0141,Nail Style 0141,handpaint,mid,Cold_Detail,109.838
S0142,Nail Style 0142,gradient,mid,Cold_FirstLook,64.889
S0143,Nail Style 0143,french,mid,Cold_FirstLook,19.078
S0144,Nail Style 0144,rhinestone,low,Stable,102.053
S0145,Nail Style 0145,cat_eye,high,Cold_AfterWant,52.794
S0146,Nail Style 0146,rhinestone,mid,Stable,112.423
S0147,Nail Style 0147,gradient,mid,Cold_AfterWant,96.818
S0148,Nail Style 0148,rhinestone,low,Stable,155.292
S0149,Nail Style 0149,french,mid,Stable,42.605
S0150,Nail Style 0150,handpaint,high,Stable,159.912
S0151,Nail Style 0151,cat_eye,high,Cold_Detail,325.724
S0152,Nail Style 0152,gradient,mid,Cold_FirstLook,25.278
S0153,Nail Style 0153,solid,mid,Cold_AfterTryon,64.104
S0154,Nail Style 0154,gradient,mid,Cold_FirstLook,79.387
S0155,Nail Style 0155,handpaint,low,Cold_AfterTryon,60.228
S0156,Nail Style 0156,french,mid,Cold_FirstLook,214.749
S0157,Nail Style 0157,solid,mid,Stable,80.179
S0158,Nail Style 0158,solid,mid,Cold_Detail,63.686
S0159,Nail Style 0159,handpaint,low,ColdDown,44.272
S0160,Nail Style 0160,gradient,low,Stable,118.899
S0161,Nail Style 0161,solid,mid,HotUp,389.284
S0162,Nail Style 0162,rhinestone,high,ColdDown,62.916
S0163,Nail Style 0163,handpaint,low,Cold_Detail,140.522
S0164,Nail Style 0164,gradient,mid,Cold_AfterWant,373.27
S0165,Nail Style 0165,cat_eye,low,HotUp,144.682
S0166,Nail Style 0166,gradient,mid,Cold_Detail,169.977
S0167,Nail Style 0167,french,high,Stable,111.528
S0168,Nail Style 0168,gradient,low,HotUp,106.233
S0169,Nail Style 0169,cat_eye,mid,ColdDown,41.62
S0170,Nail Style 0170,french,mid,Stable,90.049
S0171,Nail Style 0171,cat_eye,mid,Untested,3.959
S0172,Nail Style 0172,gradient,low,Stable,99.34
S0173,Nail Style 0173,handpaint,high,HotUp,117.117
S0174,Nail Style 0174,gradient,mid,Stable,10.306
S0175,Nail Style 0175,solid,low,Cold_FirstLook,195.029
S0176,Nail Style 0176,french,mid,Potential,12.332
S0177,Nail Style 0177,french,high,Stable,266.945
S0178,Nail Style 0178,gradient,low,Cold_FirstLook,113.248
S0179,Nail Style 0179,french,high,Cold_Detail,98.377
S0180,Nail Style 0180,handpaint,high,Cold_Detail,254.399
S0181,Nail Style 0181,french,low,Stable,53.48
S0182,Nail Style 0182,gradient,low,Stable,129.731
S0183,Nail Style 0183,rhinestone,mid,ColdDown,174.185
S0184,Nail Style 0184,solid,high,Stable,204.324
S0185,Nail Style 0185,gradient,high,ColdDown,68.613
S0186,Nail Style 0186,french,mid,Stable,105.373
S0187,Nail Style 0187,cat_eye,mid,Cold_FirstLook,129.978
S0188,Nail Style 0188,cat_eye,low,Cold_Detail,42.7
S0189,Nail Style 0189,french,mid,HotUp,113.388
S0190,Nail Style 0190,french,mid,Cold_FirstLook,189.002
S0191,Nail Style 0191,rhinestone,mid,HotUp,140.61
S0192,Nail Style 0192,french,mid,Cold_AfterTryon,53.618
S0193,Nail Style 0193,solid,mid,Stable,143.592
S0194,Nail Style 0194,handpaint,mid,Stable,119.337
S0195,Nail Style 0195,gradient,mid,Stable,64.542
S0196,Nail Style 0196,gradient,high,Stable,144.356
S0197,Nail Style 0197,french,low,Cold_FirstLook,99.123
S0198,Nail Style 0198,gradient,high,Cold_Detail,78.278
S0199,Nail Style 0199,cat_eye,mid,Stable,338.258
S0200,Nail Style 0200,gradient,high,Stable,153.537
S0201,Nail Style 0201,gradient,mid,Cold_Detail,183.64
S0202,Nail Style 0202,cat_eye,high,Potential,10.403
S0203,Nail Style 0203,rhinestone,mid,ColdDown,92.56
S0204,Nail Style 0204,cat_eye,high,Cold_Detail,221.896
S0205,Nail Style 0205,french,mid,Cold_AfterTryon,44.042
S0206,Nail Style 0206,cat_eye,low,Stable,383.492
S0207,Nail Style 0207,rhinestone,mid,Stable,108.527
S0208,Nail Style 0208,cat_eye,mid,Cold_AfterWant,108.622
S0209,Nail Style 0209,rhinestone,low,Cold_Detail,52.034
S0210,Nail Style 0210,cat_eye,mid,HotUp,213.808
S0211,Nail Style 0211,cat_eye,high,Cold_AfterTryon,40.571
S0212,Nail Style 0212,handpaint,low,ColdDown,149.665
S0213,Nail Style 0213,gradient,low,Stable,382.225
S0214,Nail Style 0214,handpaint,mid,Stable,69.575
S0215,Nail Style 0215,handpaint,low,Cold_AfterTryon,25.428
S0216,Nail Style 0216,rhinestone,low,Cold_AfterTryon,88.261
S0217,Nail Style 0217,cat_eye,low,Untested,4.458
S0218,Nail Style 0218,rhinestone,low,Cold_AfterWant,89.686
S0219,Nail Style 0219,handpaint,mid,ColdDown,100.449
S0220,Nail Style 0220,handpaint,mid,Cold_AfterWant,110.254
S0221,Nail Style 0221,french,mid,Stable,140.294
S0222,Nail Style 0222,cat_eye,high,Stable,143.424
S0223,Nail Style 0223,french,mid,Stable,118.137
S0224,Nail Style 0224,rhinestone,low,Cold_FirstLook,106.47
S0225,Nail Style 0225,handpaint,high,Cold_Detail,16.946
S0226,Nail Style 0226,gradient,high,Cold_FirstLook,58.964
S0227,Nail Style 0227,cat_eye,mid,Cold_AfterWant,95.521
S0228,Nail Style 0228,rhinestone,low,Stable,62.558
S0229,Nail Style 0229,rhinestone,high,Potential,27.38
S0230,Nail Style 0230,french,mid,Cold_Detail,189.128
S0231,Nail Style 0231,gradient,high,Cold_AfterTryon,70.192
S0232,Nail Style 0232,rhinestone,mid,Stable,78.596
S0233,Nail Style 0233,handpaint,low,Cold_Detail,190.061
S0234,Nail Style 0234,rhinestone,mid,Cold_AfterWant,100.596
S0235,Nail Style 0235,handpaint,mid,Cold_AfterWant,63.302
S0236,Nail Style 0236,cat_eye,mid,Stable,71.326
S0237,Nail Style 0237,rhinestone,mid,Cold_Detail,125.044
S0238,Nail Style 0238,solid,mid,Potential,20.635
S0239,Nail Style 0239,solid,low,HotUp,142.015
S0240,Nail Style 0240,handpaint,mid,Cold_FirstLook,71.889
S0241,Nail Style 0241,rhinestone,mid,ColdDown,196.219
S0242,Nail Style 0242,cat_eye,mid,HotUp,263.725
S0243,Nail Style 0243,french,low,Cold_AfterTryon,99.455
S0244,Nail Style 0244,cat_eye,low,HotUp,44.993
S0245,Nail Style 0245,solid,high,Cold_AfterTryon,66.047
S0246,Nail Style 0246,handpaint,low,ColdDown,161.907
S0247,Nail Style 0247,rhinestone,mid,Potential,16.889
S0248,Nail Style 0248,french,low,ColdDown,111.588
S0249,Nail Style 0249,gradient,high,ColdDown,92.373
S0250,Nail Style 0250,rhinestone,low,ColdDown,252.089
S0251,Nail Style 0251,solid,low,Cold_AfterWant,210.839
S0252,Nail Style 0252,cat_eye,mid,HotUp,142.092
S0253,Nail Style 0253,cat_eye,low,Cold_FirstLook,41.365
S0254,Nail Style 0254,rhinestone,low,Stable,201.254
S0255,Nail Style 0255,french,mid,Cold_AfterTryon,33.052
S0256,Nail Style 0256,handpaint,high,ColdDown,164.445
S0257,Nail Style 0257,cat_eye,low,Cold_AfterTryon,353.069
S0258,Nail Style 0258,french,mid,Cold_FirstLook,105.197
S0259,Nail Style 0259,rhinestone,low,HotUp,78.758
S0260,Nail Style 0260,french,mid,Potential,48.358
S0261,Nail Style 0261,solid,low,Stable,226.667
S0262,Nail Style 0262,cat_eye,mid,ColdDown,179.18
S0263,Nail Style 0263,handpaint,mid,Cold_AfterTryon,86.223
S0264,Nail Style 0264,handpaint,high,Cold_FirstLook,354.721
S0265,Nail Style 0265,cat_eye,low,Cold_Detail,259.003
S0266,Nail Style 0266,cat_eye,high,Cold_Detail,79.337
S0267,Nail Style 0267,solid,mid,Potential,23.742
S0268,Nail Style 0268,handpaint,mid,Stable,190.307
S0269,Nail Style 0269,cat_eye,mid,Untested,7.648
S0270,Nail Style 0270,cat_eye,high,Stable,64.345
S0271,Nail Style 0271,french,mid,Potential,6.338
S0272,Nail Style 0272,french,high,Untested,4.636
S0273,Nail Style 0273,rhinestone,mid,Stable,238.794
S0274,Nail Style 0274,gradient,mid,Cold_Detail,253.713
S0275,Nail Style 0275,rhinestone,mid,Stable,77.779
S0276,Nail Style 0276,handpaint,low,Stable,152.718
S0277,Nail Style 0277,rhinestone,high,Potential,7.775
S0278,Nail Style 0278,cat_eye,mid,Cold_FirstLook,103.407
S0279,Nail Style 0279,cat_eye,high,Cold_Detail,168.566
S0280,Nail Style 0280,solid,high,Cold_AfterTryon,44.232
S0281,Nail Style 0281,gradient,mid,Stable,72.517
S0282,Nail Style 0282,rhinestone,low,Stable,23.215
S0283,Nail Style 0283,handpaint,low,Cold_AfterTryon,87.007
S0284,Nail Style 0284,solid,high,Cold_AfterWant,307.95
S0285,Nail Style 0285,solid,mid,Cold_FirstLook,109.858
S0286,Nail Style 0286,gradient,mid,HotUp,67.765
S0287,Nail Style 0287,cat_eye,mid,Stable,58.844
S0288,Nail Style 0288,handpaint,high,Cold_AfterTryon,250.867
S0289,Nail Style 0289,gradient,mid,ColdDown,59.283
S0290,Nail Style 0290,french,low,Stable,135.245
S0291,Nail Style 0291,cat_eye,mid,Potential,19.859
S0292,Nail Style 0292,cat_eye,high,Stable,72.389
S0293,Nail Style 0293,french,low,Cold_AfterTryon,119.126
S0294,Nail Style 0294,cat_eye,mid,HotUp,117.935
S0295,Nail Style 0295,handpaint,mid,Stable,63.786
S0296,Nail Style 0296,handpaint,mid,Untested,10.179
S0297,Nail Style 0297,rhinestone,mid,Untested,20.049
S0298,Nail Style 0298,handpaint,high,Stable,139.119
S0299,Nail Style 0299,rhinestone,mid,ColdDown,215.039
S0300,Nail Style 0300,cat_eye,mid,Cold_FirstLook,90.487
